Year(s) of Live Birth,Maternal Window,Data Source,Risk Factor Type,Risk Factor,Risk Factor Strata,Live Births (N),Live Births (%),Any Sepsis Incidence (N),"Any Sepsis Incidence per 100,000 Live Births",Any Sepsis Crude Odds Ratio (95% CI),Any Sepsis p-value,Severe Sepsis Incidence (N),"Severe Sepsis Incidence per 100,000 Live Births",Severe Sepsis Crude Odds Ratio (95% CI),Severe Sepsis p-value
2016-2018,Pregnancy,SPARCS,Bateman Comorbidities,Alcohol abuse,No,638839,99.82,532,83.28,ref,,124,19.41,ref,
2016-2018,Pregnancy,SPARCS,Bateman Comorbidities,Alcohol abuse,Yes,1184,0.18,5,422.3,5.09 (2.11-12.30),0.0003,1,84.46,4.36 (0.61-31.18),0.1426
2016-2018,Pregnancy,SPARCS,Bateman Comorbidities,Asthma,No,596372,93.18,449,75.29,ref,,101,16.94,ref,
2016-2018,Pregnancy,SPARCS,Bateman Comorbidities,Asthma,Yes,43651,6.82,88,201.6,2.68 (2.13-3.37),<.0001,24,54.98,3.25 (2.08-5.07),<.0001
2016-2018,Pregnancy,SPARCS,Bateman Comorbidities,Cardiac valvular disease,No,637840,99.66,527,82.62,ref,,124,19.44,ref,
2016-2018,Pregnancy,SPARCS,Bateman Comorbidities,Cardiac valvular disease,Yes,2183,0.34,10,458.09,5.57 (2.97-10.42),<.0001,1,45.81,2.36 (0.33-16.87),0.3932
2016-2018,Pregnancy,SPARCS,Bateman Comorbidities,Chronic congestive heart failure,No,639881,99.98,535,83.61,ref,,124,19.38,ref,
2016-2018,Pregnancy,SPARCS,Bateman Comorbidities,Chronic congestive heart failure,Yes,142,0.02,2,1408.45,17.09 (4.23-69.15),<.0001,1,704.23,36.67 (5.10-263.7),0.0003
2016-2018,Pregnancy,SPARCS,Bateman Comorbidities,Chronic ischemic heart disease,No,639637,99.94,535,83.64,ref,,123,19.23,ref,
2016-2018,Pregnancy,SPARCS,Bateman Comorbidities,Chronic ischemic heart disease,Yes,386,0.06,2,518.13,6.22 (1.55-25.03),0.0101,2,518.13,27.08 (6.67-109.9),<.0001
2016-2018,Pregnancy,SPARCS,Bateman Comorbidities,Chronic renal disease,No,637197,99.56,496,77.84,ref,,118,18.52,ref,
2016-2018,Pregnancy,SPARCS,Bateman Comorbidities,Chronic renal disease,Yes,2826,0.44,41,1450.81,18.91 (13.73-26.06),<.0001,7,247.7,13.41 (6.25-28.77),<.0001
2016-2018,Pregnancy,SPARCS,Bateman Comorbidities,Congenital heart disease,No,633520,98.98,507,80.03,ref,,108,17.05,ref,
2016-2018,Pregnancy,SPARCS,Bateman Comorbidities,Congenital heart disease,Yes,6503,1.02,30,461.33,5.79 (4.00-8.37),<.0001,17,261.42,15.37 (9.21-25.65),<.0001
2016-2018,Pregnancy,SPARCS,Bateman Comorbidities,Cystic fibrosis,No,638668,99.79,536,83.92,ref,,124,19.42,ref,
2016-2018,Pregnancy,SPARCS,Bateman Comorbidities,Cystic fibrosis,Yes,1355,0.21,1,73.8,0.88 (0.12-6.26),0.8978,1,73.8,3.80 (0.53-27.23),0.1835
2016-2018,Pregnancy,SPARCS,Bateman Comorbidities,Drug abuse,No,624877,97.63,491,78.58,ref,,119,19.04,ref,
2016-2018,Pregnancy,SPARCS,Bateman Comorbidities,Drug abuse,Yes,15146,2.37,46,303.71,3.87 (2.86-5.24),<.0001,6,39.61,2.08 (0.92-4.73),0.0794
2016-2018,Pregnancy,SPARCS,Bateman Comorbidities,Gestational diabetes mellitus,No,583395,91.15,484,82.96,ref,,116,19.88,ref,
2016-2018,Pregnancy,SPARCS,Bateman Comorbidities,Gestational diabetes mellitus,Yes,56628,8.85,53,93.59,1.13 (0.85-1.50),0.4044,9,15.89,0.80 (0.41-1.58),0.5177
2016-2018,Pregnancy,SPARCS,Bateman Comorbidities,Gestational hypertension,No,598835,93.56,504,84.16,ref,,118,19.7,ref,
2016-2018,Pregnancy,SPARCS,Bateman Comorbidities,Gestational hypertension,Yes,41188,6.44,33,80.12,0.95 (0.67-1.36),0.7884,7,17,0.86 (0.40-1.85),0.7038
2016-2018,Pregnancy,SPARCS,Bateman Comorbidities,Human immunodeficiency virus,No,638741,99.8,532,83.29,ref,,123,19.26,ref,
2016-2018,Pregnancy,SPARCS,Bateman Comorbidities,Human immunodeficiency virus,Yes,1282,0.2,5,390.02,4.70 (1.94-11.35),0.0006,2,156.01,8.11 (2.00-32.84),0.0033
2016-2018,Pregnancy,SPARCS,Bateman Comorbidities,Mild preeclampsia or unspecified preeclampsia,No,635059,99.22,528,83.14,ref,,123,19.37,ref,
2016-2018,Pregnancy,SPARCS,Bateman Comorbidities,Mild preeclampsia or unspecified preeclampsia,Yes,4964,0.78,9,181.31,2.19 (1.13-4.23),0.0199,2,40.29,2.08 (0.52-8.42),0.3030
2016-2018,Pregnancy,SPARCS,Bateman Comorbidities,Multiple gestation,No,627420,98.03,526,83.84,ref,,119,18.97,ref,
2016-2018,Pregnancy,SPARCS,Bateman Comorbidities,Multiple gestation,Yes,12603,1.97,11,87.28,1.04 (0.57-1.89),0.8927,6,47.61,2.51 (1.11-5.70),0.0278
2016-2018,Pregnancy,SPARCS,Bateman Comorbidities,Obesity,No,549734,85.89,437,79.49,ref,,112,20.37,ref,
2016-2018,Pregnancy,SPARCS,Bateman Comorbidities,Obesity,Yes,90289,14.11,100,110.76,1.39 (1.12-1.73),0.0028,13,14.4,0.71 (0.40-1.26),0.2371
2016-2018,Pregnancy,SPARCS,Bateman Comorbidities,Placenta previa,No,628606,98.22,526,83.68,ref,,125,19.89,ref,
2016-2018,Pregnancy,SPARCS,Bateman Comorbidities,Placenta previa,Yes,11417,1.78,11,96.35,1.15 (0.63-2.09),0.6432,0,0,<0.001 (<0.001->999.99),0.9767
2016-2018,Pregnancy,SPARCS,Bateman Comorbidities,Preexisting diabetes mellitus,No,628047,98.13,517,82.32,ref,,120,19.11,ref,
2016-2018,Pregnancy,SPARCS,Bateman Comorbidities,Preexisting diabetes mellitus,Yes,11976,1.87,20,167,2.03 (1.30-3.18),0.0019,5,41.75,2.19 (0.89-5.35),0.0868
2016-2018,Pregnancy,SPARCS,Bateman Comorbidities,Preexisting hypertension,No,619153,96.74,509,82.21,ref,,121,19.54,ref,
2016-2018,Pregnancy,SPARCS,Bateman Comorbidities,Preexisting hypertension,Yes,20870,3.26,28,134.16,1.63 (1.12-2.39),0.0116,4,19.17,0.98 (0.36-2.66),0.9697
2016-2018,Pregnancy,SPARCS,Bateman Comorbidities,Previous cesarean delivery,No,524393,81.93,436,83.14,ref,,104,19.83,ref,
2016-2018,Pregnancy,SPARCS,Bateman Comorbidities,Previous cesarean delivery,Yes,115630,18.07,101,87.35,1.05 (0.85-1.30),0.6550,21,18.16,0.92 (0.57-1.46),0.7129
2016-2018,Pregnancy,SPARCS,Bateman Comorbidities,Pulmonary hypertension,No,639759,99.96,529,82.69,ref,,122,19.07,ref,
2016-2018,Pregnancy,SPARCS,Bateman Comorbidities,Pulmonary hypertension,Yes,264,0.04,8,3030.3,37.81 (18.62-76.78),<.0001,3,1136.36,60.26 (19.05-190.7),<.0001
2016-2018,Pregnancy,SPARCS,Bateman Comorbidities,Severe preeclampsia/eclampsia,No,626108,97.83,515,82.25,ref,,116,18.53,ref,
2016-2018,Pregnancy,SPARCS,Bateman Comorbidities,Severe preeclampsia/eclampsia,Yes,13915,2.17,22,158.1,1.92 (1.26-2.95),0.0027,9,64.68,3.49 (1.77-6.88),0.0003
2016-2018,Pregnancy,SPARCS,Bateman Comorbidities,Sickle cell disease,No,629075,98.29,507,80.59,ref,,117,18.6,ref,
2016-2018,Pregnancy,SPARCS,Bateman Comorbidities,Sickle cell disease,Yes,10948,1.71,30,274.02,3.41 (2.36-4.93),<.0001,8,73.07,3.93 (1.92-8.05),0.0002
2016-2018,Pregnancy,SPARCS,Bateman Comorbidities,Systemic lupus erythematosus,No,638710,99.79,534,83.61,ref,,125,19.57,ref,
2016-2018,Pregnancy,SPARCS,Bateman Comorbidities,Systemic lupus erythematosus,Yes,1313,0.21,3,228.48,2.74 (0.88-8.52),0.0823,0,0,<0.001 (<0.001->999.99),0.9728
2016-2018,Pregnancy,SPARCS,Bateman Comorbidities,Tobacco use,No,608267,95.04,466,76.61,ref,,116,19.07,ref,
2016-2018,Pregnancy,SPARCS,Bateman Comorbidities,Tobacco use,Yes,31756,4.96,71,223.58,2.92 (2.28-3.75),<.0001,9,28.34,1.49 (0.75-2.93),0.2522
2016-2018,Pregnancy,SPARCS,Elixhauser Comorbidities,Blood loss anaemia,No,562221,87.84,296,52.65,ref,,53,9.43,ref,
2016-2018,Pregnancy,SPARCS,Elixhauser Comorbidities,Blood loss anaemia,Yes,77802,12.16,241,309.76,5.90 (4.98-6.99),<.0001,72,92.54,9.83 (6.89-14.01),<.0001
2016-2018,Pregnancy,SPARCS,Elixhauser Comorbidities,Cardiac arrhythmias,No,639808,99.97,535,83.62,ref,,124,19.38,ref,
2016-2018,Pregnancy,SPARCS,Elixhauser Comorbidities,Cardiac arrhythmias,Yes,215,0.03,2,930.23,11.26 (2.80-45.32),0.0007,1,465.12,24.11 (3.35-173.3),0.0016
2016-2018,Pregnancy,SPARCS,Elixhauser Comorbidities,Chronic pulmonary disease,No,595609,93.06,443,74.38,ref,,100,16.79,ref,
2016-2018,Pregnancy,SPARCS,Elixhauser Comorbidities,Chronic pulmonary disease,Yes,44414,6.94,94,211.64,2.85 (2.28-3.56),<.0001,25,56.29,3.36 (2.16-5.20),<.0001
2016-2018,Pregnancy,SPARCS,Elixhauser Comorbidities,Coagulopathy,No,616593,96.34,487,78.98,ref,,107,17.35,ref,
2016-2018,Pregnancy,SPARCS,Elixhauser Comorbidities,Coagulopathy,Yes,23430,3.66,50,213.4,2.71 (2.02-3.62),<.0001,18,76.82,4.43 (2.69-7.30),<.0001
2016-2018,Pregnancy,SPARCS,Elixhauser Comorbidities,Deficiency anaemia,No,590839,92.32,358,60.59,ref,,69,11.68,ref,
2016-2018,Pregnancy,SPARCS,Elixhauser Comorbidities,Deficiency anaemia,Yes,49184,7.68,179,363.94,6.02 (5.03-7.21),<.0001,56,113.86,9.76 (6.86-13.89),<.0001
2016-2018,Pregnancy,SPARCS,Elixhauser Comorbidities,Depression,No,617932,96.55,483,78.16,ref,,113,18.29,ref,
2016-2018,Pregnancy,SPARCS,Elixhauser Comorbidities,Depression,Yes,22091,3.45,54,244.44,3.13 (2.36-4.15),<.0001,12,54.32,2.97 (1.64-5.39),0.0003
2016-2018,Pregnancy,SPARCS,Elixhauser Comorbidities,Fluid and electrolyte disorders,No,628753,98.24,323,51.37,ref,,62,9.86,ref,
2016-2018,Pregnancy,SPARCS,Elixhauser Comorbidities,Fluid and electrolyte disorders,Yes,11270,1.76,214,1898.85,37.66 (31.65-44.81),<.0001,63,559.01,57.00 (40.12-80.97),<.0001
2016-2018,Pregnancy,SPARCS,Elixhauser Comorbidities,Hypothyroidism,No,608261,95.04,512,84.17,ref,,119,19.56,ref,
2016-2018,Pregnancy,SPARCS,Elixhauser Comorbidities,Hypothyroidism,Yes,31762,4.96,25,78.71,0.94 (0.63-1.40),0.7431,6,18.89,0.97 (0.43-2.19),0.9343
2016-2018,Pregnancy,SPARCS,Elixhauser Comorbidities,Liver disease,No,635507,99.29,529,83.24,ref,,121,19.04,ref,
2016-2018,Pregnancy,SPARCS,Elixhauser Comorbidities,Liver disease,Yes,4516,0.71,8,177.15,2.13 (1.06-4.29),0.0334,4,88.57,4.66 (1.72-12.62),0.0024
2016-2018,Pregnancy,SPARCS,Elixhauser Comorbidities,Lymphoma,No,639845,99.97,537,83.93,ref,,125,19.54,ref,
2016-2018,Pregnancy,SPARCS,Elixhauser Comorbidities,Lymphoma,Yes,178,0.03,0,0,<0.001 (<0.001->999.99),0.9692,0,0,<0.001 (<0.001->999.99),0.9782
2016-2018,Pregnancy,SPARCS,Elixhauser Comorbidities,Metastatic cancer,No,639946,99.99,536,83.76,ref,,125,19.53,ref,
2016-2018,Pregnancy,SPARCS,Elixhauser Comorbidities,Metastatic cancer,Yes,77,0.01,1,1298.7,15.75 (2.19-113.1),0.0061,0,0,<0.001 (<0.001->999.99),0.9857
2016-2018,Pregnancy,SPARCS,Elixhauser Comorbidities,Other neurological disorders,No,626275,97.85,499,79.68,ref,,120,19.16,ref,
2016-2018,Pregnancy,SPARCS,Elixhauser Comorbidities,Other neurological disorders,Yes,13748,2.15,38,276.4,3.48 (2.50-4.84),<.0001,5,36.37,1.90 (0.78-4.65),0.1600
2016-2018,Pregnancy,SPARCS,Elixhauser Comorbidities,Paralysis,No,639682,99.95,533,83.32,ref,,124,19.38,ref,
2016-2018,Pregnancy,SPARCS,Elixhauser Comorbidities,Paralysis,Yes,341,0.05,4,1173.02,14.23 (5.29-38.28),<.0001,1,293.26,15.17 (2.11-108.9),0.0068
2016-2018,Pregnancy,SPARCS,Elixhauser Comorbidities,"Peptic ulcer disease, excluding bleeding",No,639782,99.96,537,83.93,ref,,125,19.54,ref,
2016-2018,Pregnancy,SPARCS,Elixhauser Comorbidities,"Peptic ulcer disease, excluding bleeding",Yes,241,0.04,0,0,<0.001 (<0.001->999.99),0.9641,0,0,<0.001 (<0.001->999.99),0.9827
2016-2018,Pregnancy,SPARCS,Elixhauser Comorbidities,Peripheral vascular disorders,No,639750,99.96,532,83.16,ref,,124,19.38,ref,
2016-2018,Pregnancy,SPARCS,Elixhauser Comorbidities,Peripheral vascular disorders,Yes,273,0.04,5,1831.5,22.46 (9.24-54.58),<.0001,1,366.3,18.97 (2.64-136.2),0.0034
2016-2018,Pregnancy,SPARCS,Elixhauser Comorbidities,Psychoses,No,632618,98.84,518,81.88,ref,,123,19.44,ref,
2016-2018,Pregnancy,SPARCS,Elixhauser Comorbidities,Psychoses,Yes,7405,1.16,19,256.58,3.14 (1.99-4.97),<.0001,2,27.01,1.39 (0.34-5.62),0.6427
2016-2018,Pregnancy,SPARCS,Elixhauser Comorbidities,Pulmonary circulation disorders,No,639721,99.95,532,83.16,ref,,124,19.38,ref,
2016-2018,Pregnancy,SPARCS,Elixhauser Comorbidities,Pulmonary circulation disorders,Yes,302,0.05,5,1655.63,20.23 (8.32-49.16),<.0001,1,331.13,17.16 (2.39-123.0),0.0047
2016-2018,Pregnancy,SPARCS,Elixhauser Comorbidities,Renal failure,No,639490,99.92,534,83.5,ref,,125,19.55,ref,
2016-2018,Pregnancy,SPARCS,Elixhauser Comorbidities,Renal failure,Yes,533,0.08,3,562.85,6.78 (2.17-21.14),0.0010,0,0,<0.001 (<0.001->999.99),0.9827
2016-2018,Pregnancy,SPARCS,Elixhauser Comorbidities,Rheumatoid arthritis/collagen vascular diseases,No,636997,99.53,531,83.36,ref,,124,19.47,ref,
2016-2018,Pregnancy,SPARCS,Elixhauser Comorbidities,Rheumatoid arthritis/collagen vascular diseases,Yes,3026,0.47,6,198.28,2.38 (1.06-5.33),0.0347,1,33.05,1.70 (0.24-12.15),0.5980
2016-2018,Pregnancy,SPARCS,Elixhauser Comorbidities,Solid tumour without metastasis,No,639335,99.89,535,83.68,ref,,124,19.4,ref,
2016-2018,Pregnancy,SPARCS,Elixhauser Comorbidities,Solid tumour without metastasis,Yes,688,0.11,2,290.7,3.48 (0.87-13.98),0.0787,1,145.35,7.53 (1.05-53.77),0.0442
2016-2018,Pregnancy,SPARCS,Elixhauser Comorbidities,Valvular disease,No,637661,99.63,526,82.49,ref,,124,19.45,ref,
2016-2018,Pregnancy,SPARCS,Elixhauser Comorbidities,Valvular disease,Yes,2362,0.37,11,465.71,5.67 (3.11-10.31),<.0001,1,42.34,2.18 (0.31-15.59),0.4365
2016-2018,Pregnancy,SPARCS,Elixhauser Comorbidities,Weight loss,No,639184,99.87,526,82.29,ref,,121,18.93,ref,
2016-2018,Pregnancy,SPARCS,Elixhauser Comorbidities,Weight loss,Yes,839,0.13,11,1311.08,16.13 (8.84-29.42),<.0001,4,476.76,25.30 (9.32-68.66),<.0001
2016-2018,Pregnancy,Birth certificate,Other Comorbidities,Alcohol Use,No,612201,98.88,512,83.63,ref,,122,19.93,ref,
2016-2018,Pregnancy,Birth certificate,Other Comorbidities,Alcohol Use,Yes,5455,0.88,6,109.99,1.32 (0.59-2.94),0.5045,0,0,<0.001 (<0.001->999.99),0.9754
2016-2018,Pregnancy,Birth certificate,Other Comorbidities,Alcohol Use,Unknown,1486,0.24,2,134.59,1.61 (0.40-6.46),0.5017,0,0,<0.001 (<0.001->999.99),0.9871
2016-2018,Pregnancy,SPARCS,Other Comorbidities,Group B Strep Carrier,No,512247,80.04,421,82.19,ref,,100,19.52,ref,
2016-2018,Pregnancy,SPARCS,Other Comorbidities,Group B Strep Carrier,Yes,127776,19.96,116,90.78,1.10 (0.90-1.36),0.3425,25,19.57,1.00 (0.65-1.55),0.9920
2016-2018,Pregnancy,SPARCS,Other Comorbidities,History of Sepsis (w/in 1yr prior to start of pregnancy),No,639436,99.91,530,82.89,ref,,123,19.24,ref,
2016-2018,Pregnancy,SPARCS,Other Comorbidities,History of Sepsis (w/in 1yr prior to start of pregnancy),Yes,587,0.09,7,1192.5,14.55 (6.87-30.80),<.0001,2,340.72,17.78 (4.39-72.04),<.0001
2016-2018,Pregnancy,Birth certificate,Other Comorbidities,Illegal Drug Use,No,603418,97.46,491,81.37,ref,,119,19.72,ref,
2016-2018,Pregnancy,Birth certificate,Other Comorbidities,Illegal Drug Use,Yes,14992,2.42,29,193.44,2.38 (1.64-3.46),<.0001,3,20.01,1.01 (0.32-3.19),0.9801
2016-2018,Pregnancy,Birth certificate,Other Comorbidities,Illegal Drug Use,Unknown,732,0.12,0,0,<0.001 (<0.001->999.99),0.9580,0,0,<0.001 (<0.001->999.99),0.9796
2016-2018,Pregnancy,SPARCS,Other Comorbidities,Organ Transplant,No,639858,99.97,537,83.92,ref,,125,19.54,ref,
2016-2018,Pregnancy,SPARCS,Other Comorbidities,Organ Transplant,Yes,165,0.03,0,0,<0.001 (<0.001->999.99),0.9703,0,0,<0.001 (<0.001->999.99),0.9790
2016-2018,Pregnancy,SPARCS,Other Comorbidities,Other Immunosupression,No,639334,99.89,535,83.68,ref,,124,19.4,ref,
2016-2018,Pregnancy,SPARCS,Other Comorbidities,Other Immunosupression,Yes,689,0.11,2,290.28,3.48 (0.87-13.96),0.0791,1,145.14,7.52 (1.05-53.69),0.0444
2016-2018,Pregnancy,Birth certificate,Other Comorbidities,Tobacco Use,No,576262,93.07,466,80.87,ref,,113,19.61,ref,
2016-2018,Pregnancy,Birth certificate,Other Comorbidities,Tobacco Use,Yes,42128,6.8,52,123.43,1.53 (1.15-2.03),0.0038,9,21.36,1.09 (0.55-2.15),0.8046
2016-2018,Pregnancy,Birth certificate,Other Comorbidities,Tobacco Use,Unknown,752,0.12,2,265.96,3.30 (0.82-13.25),0.0921,0,0,<0.001 (<0.001->999.99),0.9793
2016-2018,Pregnancy,SPARCS,Demographics,Age Group,<20,35999,5.62,85,236.12,2.93 (2.32-3.71),<.0001,35,97.22,6.09 (4.09-9.08),<.0001
2016-2018,Pregnancy,SPARCS,Demographics,Age Group,20-35,488179,76.28,394,80.71,ref,,78,15.98,ref,
2016-2018,Pregnancy,SPARCS,Demographics,Age Group,>35,115845,18.1,58,50.07,0.62 (0.47-0.82),0.0007,12,10.36,0.65 (0.35-1.19),0.1622
2016-2018,Pregnancy,Birth certificate,Demographics,Education,Less than high school,93199,14.56,142,152.36,3.59 (2.78-4.64),<.0001,40,42.92,4.00 (2.43-6.60),<.0001
2016-2018,Pregnancy,Birth certificate,Demographics,Education,High school graduate or GED,141421,22.1,155,109.6,2.58 (2.01-3.32),<.0001,35,24.75,2.31 (1.38-3.85),0.0014
2016-2018,Pregnancy,Birth certificate,Demographics,Education,Some College,99452,15.54,83,83.46,1.96 (1.47-2.63),<.0001,14,14.08,1.31 (0.68-2.52),0.4158
2016-2018,Pregnancy,Birth certificate,Demographics,Education,AA Degree,49715,7.77,38,76.44,1.80 (1.24-2.62),0.0021,8,16.09,1.50 (0.68-3.33),0.3183
2016-2018,Pregnancy,Birth certificate,Demographics,Education,BA degree or higher,233015,36.41,99,42.49,ref,,25,10.73,ref,
2016-2018,Pregnancy,Birth certificate,Demographics,Education,Unknown,2340,0.37,3,128.21,3.02 (0.96-9.53),0.0595,0,0,<0.001 (<0.001->999.99),0.9770
2016-2018,Pregnancy,SPARCS & Birth certificate,Demographics,Race/Ethnicity,"White, Non-Hispanic",312583,48.84,195,62.38,ref,,39,12.48,ref,
2016-2018,Pregnancy,SPARCS & Birth certificate,Demographics,Race/Ethnicity,"Black, Non-Hispanic",96078,15.01,95,98.88,1.59 (1.24-2.03),0.0002,20,20.82,1.67 (0.97-2.86),0.0627
2016-2018,Pregnancy,SPARCS & Birth certificate,Demographics,Race/Ethnicity,Hispanic,142099,22.2,198,139.34,2.24 (1.83-2.72),<.0001,58,40.82,3.27 (2.18-4.91),<.0001
2016-2018,Pregnancy,SPARCS & Birth certificate,Demographics,Race/Ethnicity,"Native American/Alaska Native, Non-Hispanic",1733,0.27,2,115.41,1.85 (0.46-7.46),0.3866,0,0,<0.001 (<0.001->999.99),0.9867
2016-2018,Pregnancy,SPARCS & Birth certificate,Demographics,Race/Ethnicity,"Asian/Pacific Islander, Non-Hispanic",76157,11.9,35,45.96,0.74 (0.51-1.06),0.0959,7,9.19,0.74 (0.33-1.65),0.4566
2016-2018,Pregnancy,SPARCS & Birth certificate,Demographics,Race/Ethnicity,"Other, Non-Hispanic",7870,1.23,10,127.06,2.04 (1.08-3.85),0.0282,1,12.71,1.02 (0.14-7.41),0.9856
2016-2018,Pregnancy,SPARCS & Birth certificate,Demographics,Race/Ethnicity,"Multi-Racial, Non-Hispanic",3503,0.55,2,57.09,0.92 (0.23-3.69),0.9008,0,0,<0.001 (<0.001->999.99),0.9811
2016-2018,Pregnancy,SPARCS,Demographics,Region of Residence,Central,28689,4.48,38,132.45,1.79 (1.27-2.52),0.0009,7,24.4,1.13 (0.52-2.47),0.7508
2016-2018,Pregnancy,SPARCS,Demographics,Region of Residence,Finger Lakes,26976,4.21,21,77.85,1.05 (0.67-1.64),0.8310,3,11.12,0.52 (0.16-1.64),0.2637
2016-2018,Pregnancy,SPARCS,Demographics,Region of Residence,Long Island,89369,13.96,86,96.23,1.30 (1.01-1.66),0.0390,24,26.85,1.25 (0.78-1.99),0.3506
2016-2018,Pregnancy,SPARCS,Demographics,Region of Residence,Mid-Hudson,25890,4.05,30,115.87,1.56 (1.07-2.29),0.0214,2,7.72,0.36 (0.09-1.47),0.1536
2016-2018,Pregnancy,SPARCS,Demographics,Region of Residence,New York City,311517,48.67,231,74.15,ref,,67,21.51,ref,
2016-2018,Pregnancy,SPARCS,Demographics,Region of Residence,Northeast,29916,4.67,20,66.85,0.90 (0.57-1.42),0.6565,3,10.03,0.47 (0.15-1.48),0.1960
2016-2018,Pregnancy,SPARCS,Demographics,Region of Residence,Northern Metro,40880,6.39,35,85.62,1.15 (0.81-1.65),0.4279,6,14.68,0.68 (0.30-1.57),0.3698
2016-2018,Pregnancy,SPARCS,Demographics,Region of Residence,Utica-Adirondack,25309,3.95,13,51.37,0.69 (0.40-1.21),0.1975,5,19.76,0.92 (0.37-2.28),0.8546
2016-2018,Pregnancy,SPARCS,Demographics,Region of Residence,Western,60572,9.46,63,104.01,1.40 (1.06-1.85),0.0172,8,13.21,0.61 (0.29-1.28),0.1923
2016-2018,Pregnancy,SPARCS,Demographics,Region of Residence,No NYS County,905,0.14,0,0,<0.001 (<0.001->999.99),0.9538,0,0,<0.001 (<0.001->999.99),0.9772
2016-2018,Pregnancy,SPARCS,Obstetric,Abnormal placentation,No,639043,99.85,537,84.03,ref,,125,19.56,ref,
2016-2018,Pregnancy,SPARCS,Obstetric,Abnormal placentation,Yes,980,0.15,0,0,<0.001 (<0.001->999.99),0.9513,0,0,<0.001 (<0.001->999.99),0.9765
2016-2018,Pregnancy,SPARCS & Birth certificate,Obstetric,Multiple Gestation,No,608139,98.22,510,83.86,ref,,117,19.24,ref,
2016-2018,Pregnancy,SPARCS & Birth certificate,Obstetric,Multiple Gestation,Yes,11002,1.78,10,90.89,1.08 (0.58-2.03),0.8009,5,45.45,2.36 (0.97-5.78),0.0598
2016-2018,Pregnancy,SPARCS & Birth certificate,Obstetric,Multiple Gestation,Unknown,1,0,0,0,0.05 (<0.001->999.99),0.9845,0,0,0.02 (<0.001->999.99),0.9940
2016-2018,Pregnancy,Birth certificate,Obstetric,Nulliparity,No,428646,69.23,360,83.99,ref,,78,18.2,ref,
2016-2018,Pregnancy,Birth certificate,Obstetric,Nulliparity,Yes,188819,30.5,160,84.74,1.01 (0.84-1.22),0.9252,44,23.3,1.28 (0.88-1.85),0.1896
2016-2018,Pregnancy,Birth certificate,Obstetric,Nulliparity,Unknown,1677,0.27,0,0,<0.001 (<0.001->999.99),0.9575,0,0,<0.001 (<0.001->999.99),0.9795
2016-2018,Pregnancy,Birth certificate,Obstetric,Trimester Beginning Prenatal Care,1st,462321,72.24,340,73.54,ref,,78,16.87,ref,
2016-2018,Pregnancy,Birth certificate,Obstetric,Trimester Beginning Prenatal Care,2nd,106210,16.59,125,117.69,1.60 (1.30-1.97),<.0001,28,26.36,1.56 (1.01-2.41),0.0427
2016-2018,Pregnancy,Birth certificate,Obstetric,Trimester Beginning Prenatal Care,3rd,29882,4.67,36,120.47,1.64 (1.16-2.31),0.0048,12,40.16,2.38 (1.30-4.37),0.0052
2016-2018,Pregnancy,Birth certificate,Obstetric,Trimester Beginning Prenatal Care,Unknown,20729,3.24,19,91.66,1.25 (0.79-1.98),0.3500,4,19.3,1.14 (0.42-3.12),0.7933
2016-2018,Delivery,SPARCS,Bateman Comorbidities,Alcohol abuse,No,638839,99.82,668,104.56,ref,,132,20.66,ref,
2016-2018,Delivery,SPARCS,Bateman Comorbidities,Alcohol abuse,Yes,1184,0.18,2,168.92,1.62 (0.40-6.48),0.4980,2,168.92,8.19 (2.02-33.12),0.0032
2016-2018,Delivery,SPARCS,Bateman Comorbidities,Asthma,No,596372,93.18,592,99.27,ref,,111,18.61,ref,
2016-2018,Delivery,SPARCS,Bateman Comorbidities,Asthma,Yes,43651,6.82,78,178.69,1.80 (1.42-2.28),<.0001,23,52.69,2.83 (1.81-4.44),<.0001
2016-2018,Delivery,SPARCS,Bateman Comorbidities,Cardiac valvular disease,No,637840,99.66,661,103.63,ref,,132,20.69,ref,
2016-2018,Delivery,SPARCS,Bateman Comorbidities,Cardiac valvular disease,Yes,2183,0.34,9,412.28,3.99 (2.06-7.72),<.0001,2,91.62,4.43 (1.10-17.92),0.0366
2016-2018,Delivery,SPARCS,Bateman Comorbidities,Chronic congestive heart failure,No,639881,99.98,664,103.77,ref,,131,20.47,ref,
2016-2018,Delivery,SPARCS,Bateman Comorbidities,Chronic congestive heart failure,Yes,142,0.02,6,4225.35,42.47 (18.68-96.54),<.0001,3,2112.68,105.4 (33.16-335.1),<.0001
2016-2018,Delivery,SPARCS,Bateman Comorbidities,Chronic ischemic heart disease,No,639637,99.94,668,104.43,ref,,133,20.79,ref,
2016-2018,Delivery,SPARCS,Bateman Comorbidities,Chronic ischemic heart disease,Yes,386,0.06,2,518.13,4.98 (1.24-20.03),0.0237,1,259.07,12.49 (1.74-89.54),0.0120
2016-2018,Delivery,SPARCS,Bateman Comorbidities,Chronic renal disease,No,637197,99.56,653,102.48,ref,,130,20.4,ref,
2016-2018,Delivery,SPARCS,Bateman Comorbidities,Chronic renal disease,Yes,2826,0.44,17,601.56,5.90 (3.64-9.57),<.0001,4,141.54,6.95 (2.57-18.80),0.0001
2016-2018,Delivery,SPARCS,Bateman Comorbidities,Congenital heart disease,No,633520,98.98,634,100.08,ref,,124,19.57,ref,
2016-2018,Delivery,SPARCS,Bateman Comorbidities,Congenital heart disease,Yes,6503,1.02,36,553.59,5.56 (3.97-7.78),<.0001,10,153.78,7.87 (4.13-14.99),<.0001
2016-2018,Delivery,SPARCS,Bateman Comorbidities,Cystic fibrosis,No,638668,99.79,670,104.91,ref,,134,20.98,ref,
2016-2018,Delivery,SPARCS,Bateman Comorbidities,Cystic fibrosis,Yes,1355,0.21,0,0,<0.001 (<0.001->999.99),0.9573,0,0,<0.001 (<0.001->999.99),0.9809
2016-2018,Delivery,SPARCS,Bateman Comorbidities,Drug abuse,No,624877,97.63,630,100.82,ref,,122,19.52,ref,
2016-2018,Delivery,SPARCS,Bateman Comorbidities,Drug abuse,Yes,15146,2.37,40,264.1,2.62 (1.91-3.61),<.0001,12,79.23,4.06 (2.24-7.35),<.0001
2016-2018,Delivery,SPARCS,Bateman Comorbidities,Gestational diabetes mellitus,No,583395,91.15,584,100.1,ref,,121,20.74,ref,
2016-2018,Delivery,SPARCS,Bateman Comorbidities,Gestational diabetes mellitus,Yes,56628,8.85,86,151.87,1.52 (1.21-1.90),0.0003,13,22.96,1.11 (0.62-1.96),0.7279
2016-2018,Delivery,SPARCS,Bateman Comorbidities,Gestational hypertension,No,598835,93.56,596,99.53,ref,,121,20.21,ref,
2016-2018,Delivery,SPARCS,Bateman Comorbidities,Gestational hypertension,Yes,41188,6.44,74,179.66,1.81 (1.42-2.30),<.0001,13,31.56,1.56 (0.88-2.77),0.1264
2016-2018,Delivery,SPARCS,Bateman Comorbidities,Human immunodeficiency virus,No,638741,99.8,665,104.11,ref,,134,20.98,ref,
2016-2018,Delivery,SPARCS,Bateman Comorbidities,Human immunodeficiency virus,Yes,1282,0.2,5,390.02,3.76 (1.56-9.07),0.0032,0,0,<0.001 (<0.001->999.99),0.9721
2016-2018,Delivery,SPARCS,Bateman Comorbidities,Mild preeclampsia or unspecified preeclampsia,No,635059,99.22,654,102.98,ref,,131,20.63,ref,
2016-2018,Delivery,SPARCS,Bateman Comorbidities,Mild preeclampsia or unspecified preeclampsia,Yes,4964,0.78,16,322.32,3.14 (1.91-5.16),<.0001,3,60.44,2.93 (0.93-9.21),0.0655
2016-2018,Delivery,SPARCS,Bateman Comorbidities,Multiple gestation,No,627420,98.03,642,102.32,ref,,130,20.72,ref,
2016-2018,Delivery,SPARCS,Bateman Comorbidities,Multiple gestation,Yes,12603,1.97,28,222.17,2.17 (1.49-3.17),<.0001,4,31.74,1.53 (0.57-4.14),0.4008
2016-2018,Delivery,SPARCS,Bateman Comorbidities,Obesity,No,549734,85.89,498,90.59,ref,,105,19.1,ref,
2016-2018,Delivery,SPARCS,Bateman Comorbidities,Obesity,Yes,90289,14.11,172,190.5,2.11 (1.77-2.50),<.0001,29,32.12,1.68 (1.11-2.54),0.0132
2016-2018,Delivery,SPARCS,Bateman Comorbidities,Placenta previa,No,628606,98.22,650,103.4,ref,,130,20.68,ref,
2016-2018,Delivery,SPARCS,Bateman Comorbidities,Placenta previa,Yes,11417,1.78,20,175.18,1.70 (1.09-2.65),0.0201,4,35.04,1.69 (0.63-4.58),0.2989
2016-2018,Delivery,SPARCS,Bateman Comorbidities,Preexisting diabetes mellitus,No,628047,98.13,646,102.86,ref,,129,20.54,ref,
2016-2018,Delivery,SPARCS,Bateman Comorbidities,Preexisting diabetes mellitus,Yes,11976,1.87,24,200.4,1.95 (1.30-2.93),0.0013,5,41.75,2.03 (0.83-4.97),0.1190
2016-2018,Delivery,SPARCS,Bateman Comorbidities,Preexisting hypertension,No,619153,96.74,619,99.98,ref,,124,20.03,ref,
2016-2018,Delivery,SPARCS,Bateman Comorbidities,Preexisting hypertension,Yes,20870,3.26,51,244.37,2.45 (1.84-3.26),<.0001,10,47.92,2.39 (1.26-4.56),0.0080
2016-2018,Delivery,SPARCS,Bateman Comorbidities,Previous cesarean delivery,No,524393,81.93,561,106.98,ref,,110,20.98,ref,
2016-2018,Delivery,SPARCS,Bateman Comorbidities,Previous cesarean delivery,Yes,115630,18.07,109,94.27,0.88 (0.72-1.08),0.2266,24,20.76,0.99 (0.64-1.54),0.9627
2016-2018,Delivery,SPARCS,Bateman Comorbidities,Pulmonary hypertension,No,639759,99.96,660,103.16,ref,,130,20.32,ref,
2016-2018,Delivery,SPARCS,Bateman Comorbidities,Pulmonary hypertension,Yes,264,0.04,10,3787.88,38.17 (20.20-72.10),<.0001,4,1515.15,75.72 (27.79-206.3),<.0001
2016-2018,Delivery,SPARCS,Bateman Comorbidities,Severe preeclampsia/eclampsia,No,626108,97.83,627,100.14,ref,,121,19.33,ref,
2016-2018,Delivery,SPARCS,Bateman Comorbidities,Severe preeclampsia/eclampsia,Yes,13915,2.17,43,309.02,3.09 (2.27-4.21),<.0001,13,93.42,4.84 (2.73-8.57),<.0001
2016-2018,Delivery,SPARCS,Bateman Comorbidities,Sickle cell disease,No,629075,98.29,637,101.26,ref,,125,19.87,ref,
2016-2018,Delivery,SPARCS,Bateman Comorbidities,Sickle cell disease,Yes,10948,1.71,33,301.42,2.98 (2.10-4.24),<.0001,9,82.21,4.14 (2.10-8.15),<.0001
2016-2018,Delivery,SPARCS,Bateman Comorbidities,Systemic lupus erythematosus,No,638710,99.79,668,104.59,ref,,134,20.98,ref,
2016-2018,Delivery,SPARCS,Bateman Comorbidities,Systemic lupus erythematosus,Yes,1313,0.21,2,152.32,1.46 (0.37-5.85),0.5917,0,0,<0.001 (<0.001->999.99),0.9718
2016-2018,Delivery,SPARCS,Bateman Comorbidities,Tobacco use,No,608267,95.04,618,101.6,ref,,121,19.89,ref,
2016-2018,Delivery,SPARCS,Bateman Comorbidities,Tobacco use,Yes,31756,4.96,52,163.75,1.61 (1.21-2.14),0.0009,13,40.94,2.06 (1.16-3.65),0.0133
2016-2018,Delivery,SPARCS,Elixhauser Comorbidities,Blood loss anaemia,No,562221,87.84,512,91.07,ref,,98,17.43,ref,
2016-2018,Delivery,SPARCS,Elixhauser Comorbidities,Blood loss anaemia,Yes,77802,12.16,158,203.08,2.23 (1.87-2.67),<.0001,36,46.27,2.66 (1.81-3.89),<.0001
2016-2018,Delivery,SPARCS,Elixhauser Comorbidities,Cardiac arrhythmias,No,639808,99.97,670,104.72,ref,,134,20.94,ref,
2016-2018,Delivery,SPARCS,Elixhauser Comorbidities,Cardiac arrhythmias,Yes,215,0.03,0,0,<0.001 (<0.001->999.99),0.9622,0,0,<0.001 (<0.001->999.99),0.9831
2016-2018,Delivery,SPARCS,Elixhauser Comorbidities,Chronic pulmonary disease,No,595609,93.06,591,99.23,ref,,111,18.64,ref,
2016-2018,Delivery,SPARCS,Elixhauser Comorbidities,Chronic pulmonary disease,Yes,44414,6.94,79,177.87,1.79 (1.42-2.27),<.0001,23,51.79,2.78 (1.77-4.36),<.0001
2016-2018,Delivery,SPARCS,Elixhauser Comorbidities,Coagulopathy,No,616593,96.34,620,100.55,ref,,125,20.27,ref,
2016-2018,Delivery,SPARCS,Elixhauser Comorbidities,Coagulopathy,Yes,23430,3.66,50,213.4,2.12 (1.59-2.84),<.0001,9,38.41,1.90 (0.96-3.73),0.0639
2016-2018,Delivery,SPARCS,Elixhauser Comorbidities,Deficiency anaemia,No,590839,92.32,578,97.83,ref,,117,19.8,ref,
2016-2018,Delivery,SPARCS,Elixhauser Comorbidities,Deficiency anaemia,Yes,49184,7.68,92,187.05,1.91 (1.54-2.39),<.0001,17,34.56,1.75 (1.05-2.90),0.0318
2016-2018,Delivery,SPARCS,Elixhauser Comorbidities,Depression,No,617932,96.55,644,104.22,ref,,124,20.07,ref,
2016-2018,Delivery,SPARCS,Elixhauser Comorbidities,Depression,Yes,22091,3.45,26,117.69,1.13 (0.76-1.67),0.5429,10,45.27,2.26 (1.18-4.30),0.0133
2016-2018,Delivery,SPARCS,Elixhauser Comorbidities,Fluid and electrolyte disorders,No,628753,98.24,597,94.95,ref,,106,16.86,ref,
2016-2018,Delivery,SPARCS,Elixhauser Comorbidities,Fluid and electrolyte disorders,Yes,11270,1.76,73,647.74,6.86 (5.38-8.75),<.0001,28,248.45,14.78 (9.74-22.42),<.0001
2016-2018,Delivery,SPARCS,Elixhauser Comorbidities,Hypothyroidism,No,608261,95.04,639,105.05,ref,,127,20.88,ref,
2016-2018,Delivery,SPARCS,Elixhauser Comorbidities,Hypothyroidism,Yes,31762,4.96,31,97.6,0.93 (0.65-1.33),0.6889,7,22.04,1.06 (0.49-2.26),0.8865
2016-2018,Delivery,SPARCS,Elixhauser Comorbidities,Liver disease,No,635507,99.29,658,103.54,ref,,133,20.93,ref,
2016-2018,Delivery,SPARCS,Elixhauser Comorbidities,Liver disease,Yes,4516,0.71,12,265.72,2.57 (1.45-4.55),0.0012,1,22.14,1.06 (0.15-7.57),0.9538
2016-2018,Delivery,SPARCS,Elixhauser Comorbidities,Lymphoma,No,639845,99.97,670,104.71,ref,,134,20.94,ref,
2016-2018,Delivery,SPARCS,Elixhauser Comorbidities,Lymphoma,Yes,178,0.03,0,0,<0.001 (<0.001->999.99),0.9656,0,0,<0.001 (<0.001->999.99),0.9774
2016-2018,Delivery,SPARCS,Elixhauser Comorbidities,Metastatic cancer,No,639946,99.99,667,104.23,ref,,133,20.78,ref,
2016-2018,Delivery,SPARCS,Elixhauser Comorbidities,Metastatic cancer,Yes,77,0.01,3,3896.1,38.93 (12.26-123.7),<.0001,1,1298.7,63.43 (8.77-458.6),<.0001
2016-2018,Delivery,SPARCS,Elixhauser Comorbidities,Other neurological disorders,No,626275,97.85,648,103.47,ref,,128,20.44,ref,
2016-2018,Delivery,SPARCS,Elixhauser Comorbidities,Other neurological disorders,Yes,13748,2.15,22,160.02,1.55 (1.01-2.37),0.0442,6,43.64,2.14 (0.94-4.84),0.0693
2016-2018,Delivery,SPARCS,Elixhauser Comorbidities,Paralysis,No,639682,99.95,668,104.43,ref,,134,20.95,ref,
2016-2018,Delivery,SPARCS,Elixhauser Comorbidities,Paralysis,Yes,341,0.05,2,586.51,5.64 (1.40-22.71),0.0148,0,0,<0.001 (<0.001->999.99),0.9787
2016-2018,Delivery,SPARCS,Elixhauser Comorbidities,"Peptic ulcer disease, excluding bleeding",No,639782,99.96,669,104.57,ref,,133,20.79,ref,
2016-2018,Delivery,SPARCS,Elixhauser Comorbidities,"Peptic ulcer disease, excluding bleeding",Yes,241,0.04,1,414.94,3.98 (0.56-28.42),0.1683,1,414.94,20.04 (2.79-143.9),0.0029
2016-2018,Delivery,SPARCS,Elixhauser Comorbidities,Peripheral vascular disorders,No,639750,99.96,667,104.26,ref,,134,20.95,ref,
2016-2018,Delivery,SPARCS,Elixhauser Comorbidities,Peripheral vascular disorders,Yes,273,0.04,3,1098.9,10.65 (3.40-33.30),<.0001,0,0,<0.001 (<0.001->999.99),0.9809
2016-2018,Delivery,SPARCS,Elixhauser Comorbidities,Psychoses,No,632618,98.84,657,103.85,ref,,130,20.55,ref,
2016-2018,Delivery,SPARCS,Elixhauser Comorbidities,Psychoses,Yes,7405,1.16,13,175.56,1.69 (0.98-2.93),0.0607,4,54.02,2.63 (0.97-7.11),0.0569
2016-2018,Delivery,SPARCS,Elixhauser Comorbidities,Pulmonary circulation disorders,No,639721,99.95,666,104.11,ref,,132,20.63,ref,
2016-2018,Delivery,SPARCS,Elixhauser Comorbidities,Pulmonary circulation disorders,Yes,302,0.05,4,1324.5,12.88 (4.79-34.65),<.0001,2,662.25,32.30 (7.96-131.1),<.0001
2016-2018,Delivery,SPARCS,Elixhauser Comorbidities,Renal failure,No,639490,99.92,667,104.3,ref,,132,20.64,ref,
2016-2018,Delivery,SPARCS,Elixhauser Comorbidities,Renal failure,Yes,533,0.08,3,562.85,5.42 (1.74-16.91),0.0036,2,375.23,18.25 (4.51-73.91),<.0001
2016-2018,Delivery,SPARCS,Elixhauser Comorbidities,Rheumatoid arthritis/collagen vascular diseases,No,636997,99.53,666,104.55,ref,,134,21.04,ref,
2016-2018,Delivery,SPARCS,Elixhauser Comorbidities,Rheumatoid arthritis/collagen vascular diseases,Yes,3026,0.47,4,132.19,1.27 (0.47-3.38),0.6392,0,0,<0.001 (<0.001->999.99),0.9714
2016-2018,Delivery,SPARCS,Elixhauser Comorbidities,Solid tumour without metastasis,No,639335,99.89,664,103.86,ref,,133,20.8,ref,
2016-2018,Delivery,SPARCS,Elixhauser Comorbidities,Solid tumour without metastasis,Yes,688,0.11,6,872.09,8.46 (3.78-18.97),<.0001,1,145.35,7.00 (0.98-50.10),0.0526
2016-2018,Delivery,SPARCS,Elixhauser Comorbidities,Valvular disease,No,637661,99.63,661,103.66,ref,,132,20.7,ref,
2016-2018,Delivery,SPARCS,Elixhauser Comorbidities,Valvular disease,Yes,2362,0.37,9,381.03,3.69 (1.91-7.12),0.0001,2,84.67,4.09 (1.01-16.55),0.0479
2016-2018,Delivery,SPARCS,Elixhauser Comorbidities,Weight loss,No,639184,99.87,665,104.04,ref,,133,20.81,ref,
2016-2018,Delivery,SPARCS,Elixhauser Comorbidities,Weight loss,Yes,839,0.13,5,595.95,5.76 (2.38-13.92),0.0001,1,119.19,5.74 (0.80-41.05),0.0818
2016-2018,Delivery,Birth certificate,Other Comorbidities,Alcohol Use,No,612201,98.88,613,100.13,ref,,117,19.11,ref,
2016-2018,Delivery,Birth certificate,Other Comorbidities,Alcohol Use,Yes,5455,0.88,5,91.66,0.92 (0.38-2.21),0.8439,2,36.66,1.92 (0.47-7.77),0.3609
2016-2018,Delivery,Birth certificate,Other Comorbidities,Alcohol Use,Unknown,1486,0.24,9,605.65,6.08 (3.14-11.76),<.0001,3,201.88,10.58 (3.36-33.33),<.0001
2016-2018,Delivery,SPARCS,Other Comorbidities,Group B Strep Carrier,No,512247,80.04,563,109.91,ref,,115,22.45,ref,
2016-2018,Delivery,SPARCS,Other Comorbidities,Group B Strep Carrier,Yes,127776,19.96,107,83.74,0.76 (0.62-0.94),0.0100,19,14.87,0.66 (0.41-1.08),0.0962
2016-2018,Delivery,SPARCS,Other Comorbidities,History of Sepsis (w/in 1yr prior to start of pregnancy),No,639436,99.91,667,104.31,ref,,134,20.96,ref,
2016-2018,Delivery,SPARCS,Other Comorbidities,History of Sepsis (w/in 1yr prior to start of pregnancy),Yes,587,0.09,3,511.07,4.92 (1.58-15.34),0.0060,0,0,<0.001 (<0.001->999.99),0.9812
2016-2018,Delivery,Birth certificate,Other Comorbidities,Illegal Drug Use,No,603418,97.46,593,98.27,ref,,110,18.23,ref,
2016-2018,Delivery,Birth certificate,Other Comorbidities,Illegal Drug Use,Yes,14992,2.42,31,206.78,2.11 (1.47-3.02),<.0001,11,73.37,4.03 (2.17-7.49),<.0001
2016-2018,Delivery,Birth certificate,Other Comorbidities,Illegal Drug Use,Unknown,732,0.12,3,409.84,4.18 (1.34-13.04),0.0136,1,136.61,7.50 (1.05-53.81),0.0450
2016-2018,Delivery,SPARCS,Other Comorbidities,Organ Transplant,No,639858,99.97,668,104.4,ref,,134,20.94,ref,
2016-2018,Delivery,SPARCS,Other Comorbidities,Organ Transplant,Yes,165,0.03,2,1212.12,11.78 (2.92-47.49),0.0005,0,0,<0.001 (<0.001->999.99),0.9783
2016-2018,Delivery,SPARCS,Other Comorbidities,Other Immunosupression,No,639334,99.89,666,104.17,ref,,133,20.8,ref,
2016-2018,Delivery,SPARCS,Other Comorbidities,Other Immunosupression,Yes,689,0.11,4,580.55,5.60 (2.09-15.01),0.0006,1,145.14,6.99 (0.98-50.03),0.0527
2016-2018,Delivery,Birth certificate,Other Comorbidities,Tobacco Use,No,576262,93.07,572,99.26,ref,,104,18.05,ref,
2016-2018,Delivery,Birth certificate,Other Comorbidities,Tobacco Use,Yes,42128,6.8,48,113.94,1.15 (0.86-1.54),0.3585,14,33.23,1.84 (1.05-3.22),0.0320
2016-2018,Delivery,Birth certificate,Other Comorbidities,Tobacco Use,Unknown,752,0.12,7,930.85,9.46 (4.48-20.00),<.0001,4,531.91,29.63 (10.89-80.63),<.0001
2016-2018,Delivery,SPARCS,Demographics,Age Group,<20,35999,5.62,59,163.89,1.66 (1.27-2.18),0.0002,9,25,1.26 (0.64-2.49),0.5094
2016-2018,Delivery,SPARCS,Demographics,Age Group,20-35,488179,76.28,481,98.53,ref,,97,19.87,ref,
2016-2018,Delivery,SPARCS,Demographics,Age Group,>35,115845,18.1,130,112.22,1.14 (0.94-1.38),0.1879,28,24.17,1.22 (0.80-1.85),0.3609
2016-2018,Delivery,Birth certificate,Demographics,Education,Less than high school,93199,14.56,120,128.76,1.79 (1.41-2.26),<.0001,23,24.68,2.30 (1.31-4.05),0.0039
2016-2018,Delivery,Birth certificate,Demographics,Education,High school graduate or GED,141421,22.1,156,110.31,1.53 (1.23-1.90),0.0001,29,20.51,1.91 (1.12-3.26),0.0176
2016-2018,Delivery,Birth certificate,Demographics,Education,Some College,99452,15.54,105,105.58,1.46 (1.15-1.87),0.0022,18,18.1,1.69 (0.92-3.09),0.0907
2016-2018,Delivery,Birth certificate,Demographics,Education,AA Degree,49715,7.77,66,132.76,1.84 (1.39-2.45),<.0001,22,44.25,4.13 (2.33-7.32),<.0001
2016-2018,Delivery,Birth certificate,Demographics,Education,BA degree or higher,233015,36.41,168,72.1,ref,,25,10.73,ref,
2016-2018,Delivery,Birth certificate,Demographics,Education,Unknown,2340,0.37,12,512.82,7.14 (3.97-12.85),<.0001,5,213.68,19.96 (7.63-52.18),<.0001
2016-2018,Delivery,SPARCS & Birth certificate,Demographics,Race/Ethnicity,"White, Non-Hispanic",312583,48.84,201,64.3,ref,,46,14.72,ref,
2016-2018,Delivery,SPARCS & Birth certificate,Demographics,Race/Ethnicity,"Black, Non-Hispanic",96078,15.01,146,151.96,2.37 (1.91-2.93),<.0001,26,27.06,1.84 (1.14-2.97),0.0130
2016-2018,Delivery,SPARCS & Birth certificate,Demographics,Race/Ethnicity,Hispanic,142099,22.2,218,153.41,2.39 (1.97-2.89),<.0001,39,27.45,1.87 (1.22-2.86),0.0042
2016-2018,Delivery,SPARCS & Birth certificate,Obstetric,Cesarean Delivery,No,409636,66.16,190,46.38,ref,,36,8.79,ref,
2016-2018,Delivery,SPARCS & Birth certificate,Demographics,Race/Ethnicity,"Native American/Alaska Native, Non-Hispanic",1733,0.27,1,57.7,0.90 (0.13-6.40),0.9140,0,0,<0.001 (<0.001->999.99),0.9791
2016-2018,Delivery,SPARCS & Birth certificate,Demographics,Race/Ethnicity,"Asian/Pacific Islander, Non-Hispanic",76157,11.9,85,111.61,1.74 (1.35-2.24),<.0001,16,21.01,1.43 (0.81-2.52),0.2199
2016-2018,Delivery,SPARCS & Birth certificate,Demographics,Race/Ethnicity,"Other, Non-Hispanic",7870,1.23,15,190.6,2.97 (1.76-5.02),<.0001,5,63.53,4.32 (1.72-10.87),0.0019
2016-2018,Delivery,SPARCS & Birth certificate,Demographics,Race/Ethnicity,"Multi-Racial, Non-Hispanic",3503,0.55,4,114.19,1.78 (0.66-4.78),0.2553,2,57.09,3.88 (0.94-16.00),0.0605
2016-2018,Delivery,SPARCS,Demographics,Region of Residence,Central,28689,4.48,21,73.2,0.65 (0.42-1.01),0.0531,7,24.4,1.19 (0.54-2.59),0.6657
2016-2018,Delivery,SPARCS,Demographics,Region of Residence,Finger Lakes,26976,4.21,11,40.78,0.36 (0.20-0.66),0.0009,5,18.53,0.90 (0.36-2.24),0.8245
2016-2018,Delivery,SPARCS,Demographics,Region of Residence,Long Island,89369,13.96,117,130.92,1.16 (0.94-1.43),0.1675,25,27.97,1.36 (0.86-2.16),0.1906
2016-2018,Delivery,SPARCS,Demographics,Region of Residence,Mid-Hudson,25890,4.05,28,108.15,0.96 (0.65-1.41),0.8233,2,7.72,0.38 (0.09-1.54),0.1731
2016-2018,Delivery,SPARCS,Demographics,Region of Residence,New York City,311517,48.67,352,113,ref,,64,20.54,ref,
2016-2018,Delivery,SPARCS,Demographics,Region of Residence,Northeast,29916,4.67,23,76.88,0.68 (0.45-1.04),0.0734,3,10.03,0.49 (0.15-1.55),0.2247
2016-2018,Delivery,SPARCS,Demographics,Region of Residence,Northern Metro,40880,6.39,46,112.52,1.00 (0.73-1.35),0.9787,7,17.12,0.83 (0.38-1.82),0.6472
2016-2018,Delivery,SPARCS,Demographics,Region of Residence,Utica-Adirondack,25309,3.95,18,71.12,0.63 (0.39-1.01),0.0553,4,15.8,0.77 (0.28-2.11),0.6108
2016-2018,Delivery,SPARCS,Demographics,Region of Residence,Western,60572,9.46,52,85.85,0.76 (0.57-1.02),0.0642,15,24.76,1.21 (0.69-2.12),0.5149
2016-2018,Delivery,SPARCS,Demographics,Region of Residence,No NYS County,905,0.14,2,220.99,1.96 (0.49-7.88),0.3423,2,220.99,10.78 (2.63-44.10),0.0009
2016-2018,Delivery,SPARCS,Obstetric,Acute renal failure,No,639515,99.92,622,97.26,ref,,114,17.83,ref,
2016-2018,Delivery,SPARCS,Obstetric,Acute renal failure,Yes,508,0.08,48,9448.82,107.2 (78.81-145.8),<.0001,20,3937.01,229.9 (141.8-372.8),<.0001
2016-2018,Delivery,Birth certificate,Obstetric,3rd or 4th degree tears,No,608317,98.25,620,101.92,ref,,122,20.06,ref,
2016-2018,Delivery,Birth certificate,Obstetric,3rd or 4th degree tears,Yes,10825,1.75,7,64.67,0.63 (0.30-1.34),0.2311,0,0,<0.001 (<0.001->999.99),0.9772
2016-2018,Delivery,SPARCS & Birth certificate,Obstetric,ART,No,608603,98.3,607,99.74,ref,,120,19.72,ref,
2016-2018,Delivery,SPARCS & Birth certificate,Obstetric,ART,Yes,10539,1.7,20,189.77,1.91 (1.22-2.98),0.0046,2,18.98,0.96 (0.24-3.89),0.9580
2016-2018,Delivery,SPARCS,Obstetric,Abnormal placentation,No,639043,99.85,662,103.59,ref,,132,20.66,ref,
2016-2018,Delivery,SPARCS,Obstetric,Abnormal placentation,Yes,980,0.15,8,816.33,7.94 (3.94-15.98),<.0001,2,204.08,9.92 (2.46-40.08),0.0013
2016-2018,Delivery,SPARCS,Obstetric,Acute myocardial infarction,No,640005,100,667,104.22,ref,,131,20.47,ref,
2016-2018,Delivery,SPARCS,Obstetric,Acute myocardial infarction,Yes,18,0,3,16666.67,192.1 (55.53-664.5),<.0001,3,16666.67,976.9 (279.5->999.99),<.0001
2016-2018,Delivery,SPARCS,Obstetric,Adult respiratory distress syndrome,No,639670,99.94,609,95.21,ref,,101,15.79,ref,
2016-2018,Delivery,SPARCS,Obstetric,Adult respiratory distress syndrome,Yes,353,0.06,61,17280.45,219.2 (164.5-292.1),<.0001,33,9348.44,653.1 (434.3-982.2),<.0001
2016-2018,Delivery,SPARCS,Obstetric,Air and thrombotic embolism,No,639891,99.98,657,102.67,ref,,128,20,ref,
2016-2018,Delivery,SPARCS,Obstetric,Air and thrombotic embolism,Yes,132,0.02,13,9848.48,106.3 (59.66-189.4),<.0001,6,4545.45,238.0 (103.1-549.7),<.0001
2016-2018,Delivery,SPARCS,Obstetric,Amniotic fluid embolism,No,640001,100,667,104.22,ref,,132,20.62,ref,
2016-2018,Delivery,SPARCS,Obstetric,Amniotic fluid embolism,Yes,22,0,3,13636.36,151.4 (44.70-512.7),<.0001,2,9090.91,485.7 (112.5->999.99),<.0001
2016-2018,Delivery,SPARCS,Obstetric,Aneurysm,No,640022,100,670,104.68,ref,,134,20.94,ref,
2016-2018,Delivery,SPARCS,Obstetric,Aneurysm,Yes,1,0,0,0,0.05 (<0.001->999.99),0.9827,0,0,0.05 (<0.001->999.99),0.9923
2016-2018,Delivery,SPARCS,Obstetric,Blood products transfusion,No,627984,98.12,516,82.17,ref,,94,14.97,ref,
2016-2018,Delivery,SPARCS,Obstetric,Blood products transfusion,Yes,12039,1.88,154,1279.18,15.76 (13.15-18.88),<.0001,40,332.25,22.27 (15.37-32.25),<.0001
2016-2018,Delivery,SPARCS,Obstetric,Cardiac arrest/ventricular fibrillation,No,639984,99.99,665,103.91,ref,,131,20.47,ref,
2016-2018,Delivery,SPARCS,Obstetric,Cardiac arrest/ventricular fibrillation,Yes,39,0.01,5,12820.51,141.4 (55.13-362.6),<.0001,3,7692.31,407.8 (124.1->999.99),<.0001
2016-2018,Delivery,SPARCS & Birth certificate,Obstetric,Cerclage (rescue>prophylactic),No,616405,99.56,610,98.96,ref,,121,19.63,ref,
2016-2018,Delivery,SPARCS & Birth certificate,Obstetric,Cerclage (rescue>prophylactic),Yes,2737,0.44,17,621.12,6.31 (3.89-10.23),<.0001,1,36.54,1.86 (0.26-13.33),0.5358
2016-2018,Delivery,SPARCS & Birth certificate,Obstetric,Cesarean Delivery,Yes,209421,33.82,437,208.67,4.51 (3.80-5.34),<.0001,86,41.07,4.67 (3.17-6.90),<.0001
2016-2018,Delivery,SPARCS & Birth certificate,Obstetric,Cesarean Delivery,Unknown,85,0.01,0,0,<0.001 (<0.001->999.99),0.9691,0,0,<0.001 (<0.001->999.99),0.9864
2016-2018,Delivery,SPARCS,Obstetric,Conversion of cardiac rhythm,No,639960,99.99,668,104.38,ref,,133,20.78,ref,
2016-2018,Delivery,SPARCS,Obstetric,Conversion of cardiac rhythm,Yes,63,0.01,2,3174.6,31.47 (7.69-128.7),<.0001,1,1587.3,77.61 (10.68-563.7),<.0001
2016-2018,Delivery,SPARCS,Obstetric,Disseminated intravascular coagulation,No,638927,99.83,633,99.07,ref,,116,18.16,ref,
2016-2018,Delivery,SPARCS,Obstetric,Disseminated intravascular coagulation,Yes,1096,0.17,37,3375.91,35.23 (25.15-49.35),<.0001,18,1642.34,91.97 (55.78-151.6),<.0001
2016-2018,Delivery,SPARCS,Obstetric,Eclampsia,No,639856,99.97,664,103.77,ref,,131,20.47,ref,
2016-2018,Delivery,SPARCS,Obstetric,Eclampsia,Yes,167,0.03,6,3592.81,35.89 (15.83-81.34),<.0001,3,1796.41,89.33 (28.16-283.4),<.0001
2016-2018,Delivery,SPARCS & Birth certificate,Obstetric,Episiotomy,No,566022,91.42,591,104.41,ref,,119,21.02,ref,
2016-2018,Delivery,SPARCS & Birth certificate,Obstetric,Episiotomy,Yes,53120,8.58,36,67.77,0.65 (0.46-0.91),0.0118,3,5.65,0.27 (0.09-0.84),0.0245
2016-2018,Delivery,SPARCS,Obstetric,Heart failure/arrest during surgery or procedure,No,640012,100,670,104.69,ref,,134,20.94,ref,
2016-2018,Delivery,SPARCS,Obstetric,Heart failure/arrest during surgery or procedure,Yes,11,0,0,0,0.00 (<0.001->999.99),0.9744,0,0,0.00 (<0.001->999.99),0.9886
2016-2018,Delivery,SPARCS,Obstetric,Hysterectomy,No,639324,99.89,656,102.61,ref,,127,19.86,ref,
2016-2018,Delivery,SPARCS,Obstetric,Hysterectomy,Yes,699,0.11,14,2002.86,19.90 (11.66-33.97),<.0001,7,1001.43,50.91 (23.70-109.4),<.0001
2016-2018,Delivery,Birth certificate,Obstetric,Induction of Labor,No,375222,60.6,385,102.61,ref,,93,24.79,ref,
2016-2018,Delivery,Birth certificate,Obstetric,Induction of Labor,Yes,243920,39.4,242,99.21,0.97 (0.82-1.14),0.6828,29,11.89,0.48 (0.32-0.73),0.0006
2016-2018,Delivery,SPARCS & Birth certificate,Obstetric,Multiple Gestation,No,608139,98.22,603,99.15,ref,,120,19.73,ref,
2016-2018,Delivery,SPARCS & Birth certificate,Obstetric,Multiple Gestation,Yes,11002,1.78,24,218.14,2.20 (1.46-3.31),0.0002,2,18.18,0.92 (0.23-3.73),0.9084
2016-2018,Delivery,SPARCS & Birth certificate,Obstetric,Multiple Gestation,Unknown,1,0,0,0,0.02 (<0.001->999.99),0.9863,0,0,0.05 (<0.001->999.99),0.9925
2016-2018,Delivery,Birth certificate,Obstetric,Nulliparity,No,428646,69.23,365,85.15,ref,,83,19.36,ref,
2016-2018,Delivery,Birth certificate,Obstetric,Nulliparity,Yes,188819,30.5,260,137.7,1.62 (1.38-1.90),<.0001,39,20.65,1.07 (0.73-1.56),0.7394
2016-2018,Delivery,Birth certificate,Obstetric,Nulliparity,Unknown,1677,0.27,2,119.26,1.40 (0.35-5.63),0.6346,0,0,<0.001 (<0.001->999.99),0.9794
2016-2018,Delivery,SPARCS,Obstetric,Obstetric Trauma,No,609150,95.18,633,103.92,ref,,128,21.01,ref,
2016-2018,Delivery,SPARCS,Obstetric,Obstetric Trauma,Yes,30873,4.82,37,119.85,1.15 (0.83-1.61),0.3987,6,19.43,0.92 (0.41-2.10),0.8517
2016-2018,Delivery,SPARCS & Birth certificate,Obstetric,Operative Vaginal Delivery,No,598312,96.64,610,101.95,ref,,122,20.39,ref,
2016-2018,Delivery,SPARCS & Birth certificate,Obstetric,Operative Vaginal Delivery,Yes,19910,3.22,17,85.38,0.84 (0.52-1.36),0.4705,0,0,<0.001 (<0.001->999.99),0.9690
2016-2018,Delivery,SPARCS & Birth certificate,Obstetric,Operative Vaginal Delivery,Unknown,920,0.15,0,0,<0.001 (<0.001->999.99),0.9481,0,0,<0.001 (<0.001->999.99),0.9933
2016-2018,Delivery,SPARCS,Obstetric,Postpartum hemorrhage,No,614386,95.99,557,90.66,ref,,111,18.07,ref,
2016-2018,Delivery,SPARCS,Obstetric,Postpartum hemorrhage,Yes,25637,4.01,113,440.77,4.88 (3.99-5.98),<.0001,23,89.71,4.97 (3.17-7.79),<.0001
2016-2018,Delivery,SPARCS,Obstetric,Premature rupture of membranes,No,568177,88.77,560,98.56,ref,,118,20.77,ref,
2016-2018,Delivery,SPARCS,Obstetric,Premature rupture of membranes,Yes,71846,11.23,110,153.11,1.55 (1.27-1.91),<.0001,16,22.27,1.07 (0.64-1.81),0.7933
2016-2018,Delivery,SPARCS,Obstetric,Preterm Delivery,No,612193,95.65,599,97.84,ref,,117,19.11,ref,
2016-2018,Delivery,SPARCS,Obstetric,Preterm Delivery,Yes,27830,4.35,71,255.12,2.61 (2.04-3.34),<.0001,17,61.09,3.20 (1.92-5.32),<.0001
2016-2018,Delivery,SPARCS,Obstetric,Prolonged labor,No,638292,99.73,667,104.5,ref,,133,20.84,ref,
2016-2018,Delivery,SPARCS,Obstetric,Prolonged labor,Yes,1731,0.27,3,173.31,1.66 (0.53-5.16),0.3816,1,57.77,2.77 (0.39-19.85),0.3094
2016-2018,Delivery,SPARCS,Obstetric,Puerperal cerebrovascular disorders,No,639980,99.99,667,104.22,ref,,132,20.63,ref,
2016-2018,Delivery,SPARCS,Obstetric,Puerperal cerebrovascular disorders,Yes,43,0.01,3,6976.74,72.03 (22.25-233.2),<.0001,2,4651.16,236.9 (56.80-988.3),<.0001
2016-2018,Delivery,SPARCS,Obstetric,Pulmonary edema / Acute heart failure,No,639833,99.97,657,102.68,ref,,127,19.85,ref,
2016-2018,Delivery,SPARCS,Obstetric,Pulmonary edema / Acute heart failure,Yes,190,0.03,13,6842.11,71.60 (40.58-126.3),<.0001,7,3684.21,192.7 (88.80-418.1),<.0001
2016-2018,Delivery,SPARCS,Obstetric,Retained Products of Conception,No,639065,99.85,667,104.37,ref,,134,20.97,ref,
2016-2018,Delivery,SPARCS,Obstetric,Retained Products of Conception,Yes,958,0.15,3,313.15,3.01 (0.97-9.36),0.0574,0,0,<0.001 (<0.001->999.99),0.9759
2016-2018,Delivery,Birth certificate,Obstetric,Trimester Beginning Prenatal Care,1st,462321,72.24,425,91.93,ref,,76,16.44,ref,
2016-2018,Delivery,Birth certificate,Obstetric,Trimester Beginning Prenatal Care,2nd,106210,16.59,116,109.22,1.19 (0.97-1.46),0.0998,25,23.54,1.43 (0.91-2.25),0.1194
2016-2018,Delivery,Birth certificate,Obstetric,Trimester Beginning Prenatal Care,3rd,29882,4.67,31,103.74,1.13 (0.78-1.63),0.5156,4,13.39,0.81 (0.30-2.23),0.6888
2016-2018,Delivery,Birth certificate,Obstetric,Trimester Beginning Prenatal Care,Unknown,20729,3.24,55,265.33,2.89 (2.18-3.83),<.0001,17,82.01,4.99 (2.95-8.45),<.0001
2016-2018,Delivery,SPARCS,Obstetric,Severe anesthesia complications,No,639986,99.99,669,104.53,ref,,134,20.94,ref,
2016-2018,Delivery,SPARCS,Obstetric,Severe anesthesia complications,Yes,37,0.01,1,2702.7,26.55 (3.63-193.9),0.0012,0,0,<0.001 (<0.001->999.99),0.9852
2016-2018,Delivery,SPARCS,Obstetric,Shock,No,639632,99.94,610,95.37,ref,,93,14.54,ref,
2016-2018,Delivery,SPARCS,Obstetric,Shock,Yes,391,0.06,60,15345.27,189.9 (142.6-252.8),<.0001,41,10485.93,805.6 (549.8->999.99),<.0001
2016-2018,Delivery,SPARCS,Obstetric,Sickle cell disease with crisis,No,640008,100,670,104.69,ref,,134,20.94,ref,
2016-2018,Delivery,SPARCS,Obstetric,Sickle cell disease with crisis,Yes,15,0,0,0,0.00 (<0.001->999.99),0.9701,0,0,0.00 (<0.001->999.99),0.9866
2016-2018,Delivery,SPARCS,Obstetric,Stillbirth,No,639508,99.92,660,103.2,ref,,131,20.48,ref,
2016-2018,Delivery,SPARCS,Obstetric,Stillbirth,Yes,515,0.08,10,1941.75,19.17 (10.21-36.01),<.0001,3,582.52,28.61 (9.08-90.12),<.0001
2016-2018,Delivery,SPARCS,Obstetric,Temporary tracheostomy,No,639667,99.94,617,96.46,ref,,95,14.85,ref,
2016-2018,Delivery,SPARCS,Obstetric,Temporary tracheostomy,Yes,356,0.06,53,14887.64,181.2 (133.9-245.1),<.0001,39,10955.06,828.3 (561.5->999.99),<.0001
2016-2018,Delivery,Birth certificate,Obstetric,Uterine rupture,No,618947,99.97,624,100.82,ref,,121,19.55,ref,
2016-2018,Delivery,Birth certificate,Obstetric,Uterine rupture,Yes,195,0.03,3,1538.46,15.48 (4.94-48.56),<.0001,1,512.82,26.39 (3.67-189.6),0.0011
2016-2018,Delivery,SPARCS,Obstetric,Ventilation,No,639668,99.94,617,96.46,ref,,95,14.85,ref,
2016-2018,Delivery,SPARCS,Obstetric,Ventilation,Yes,355,0.06,53,14929.58,181.8 (134.3-246.0),<.0001,39,10985.92,830.9 (563.3->999.99),<.0001
2016-2018,Postpartum,SPARCS,Bateman Comorbidities,Alcohol abuse,No,638839,99.82,757,118.5,ref,,121,18.94,ref,
2016-2018,Postpartum,SPARCS,Bateman Comorbidities,Alcohol abuse,Yes,1184,0.18,1,84.46,0.71 (0.10-5.07),0.7357,0,0,<0.001 (<0.001->999.99),0.9746
2016-2018,Postpartum,SPARCS,Bateman Comorbidities,Asthma,No,596372,93.18,673,112.85,ref,,108,18.11,ref,
2016-2018,Postpartum,SPARCS,Bateman Comorbidities,Asthma,Yes,43651,6.82,85,194.73,1.73 (1.38-2.16),<.0001,13,29.78,1.64 (0.93-2.92),0.0901
2016-2018,Postpartum,SPARCS,Bateman Comorbidities,Cardiac valvular disease,No,637840,99.66,749,117.43,ref,,119,18.66,ref,
2016-2018,Postpartum,SPARCS,Bateman Comorbidities,Cardiac valvular disease,Yes,2183,0.34,9,412.28,3.52 (1.82-6.80),0.0002,2,91.62,4.91 (1.21-19.89),0.0256
2016-2018,Postpartum,SPARCS,Bateman Comorbidities,Chronic congestive heart failure,No,639881,99.98,758,118.46,ref,,121,18.91,ref,
2016-2018,Postpartum,SPARCS,Bateman Comorbidities,Chronic congestive heart failure,Yes,142,0.02,0,0,<0.001 (<0.001->999.99),0.9521,0,0,<0.001 (<0.001->999.99),0.9808
2016-2018,Postpartum,SPARCS,Bateman Comorbidities,Chronic ischemic heart disease,No,639637,99.94,756,118.19,ref,,121,18.92,ref,
2016-2018,Postpartum,SPARCS,Bateman Comorbidities,Chronic ischemic heart disease,Yes,386,0.06,2,518.13,4.41 (1.10-17.70),0.0366,0,0,<0.001 (<0.001->999.99),0.9785
2016-2018,Postpartum,SPARCS,Bateman Comorbidities,Chronic renal disease,No,637197,99.56,746,117.08,ref,,119,18.68,ref,
2016-2018,Postpartum,SPARCS,Bateman Comorbidities,Chronic renal disease,Yes,2826,0.44,12,424.63,3.64 (2.05-6.44),<.0001,2,70.77,3.79 (0.94-15.34),0.0617
2016-2018,Postpartum,SPARCS,Bateman Comorbidities,Congenital heart disease,No,633520,98.98,744,117.44,ref,,120,18.94,ref,
2016-2018,Postpartum,SPARCS,Bateman Comorbidities,Congenital heart disease,Yes,6503,1.02,14,215.29,1.84 (1.08-3.12),0.0245,1,15.38,0.81 (0.11-5.81),0.8357
2016-2018,Postpartum,SPARCS,Bateman Comorbidities,Cystic fibrosis,No,638668,99.79,756,118.37,ref,,120,18.79,ref,
2016-2018,Postpartum,SPARCS,Bateman Comorbidities,Cystic fibrosis,Yes,1355,0.21,2,147.6,1.25 (0.31-5.00),0.7547,1,73.8,3.93 (0.55-28.15),0.1730
2016-2018,Postpartum,SPARCS,Bateman Comorbidities,Drug abuse,No,624877,97.63,725,116.02,ref,,114,18.24,ref,
2016-2018,Postpartum,SPARCS,Bateman Comorbidities,Drug abuse,Yes,15146,2.37,33,217.88,1.88 (1.33-2.67),0.0004,7,46.22,2.53 (1.18-5.44),0.0170
2016-2018,Postpartum,SPARCS,Bateman Comorbidities,Gestational diabetes mellitus,No,583395,91.15,669,114.67,ref,,104,17.83,ref,
2016-2018,Postpartum,SPARCS,Bateman Comorbidities,Gestational diabetes mellitus,Yes,56628,8.85,89,157.17,1.37 (1.10-1.71),0.0052,17,30.02,1.68 (1.01-2.81),0.0463
2016-2018,Postpartum,SPARCS,Bateman Comorbidities,Gestational hypertension,No,598835,93.56,676,112.89,ref,,107,17.87,ref,
2016-2018,Postpartum,SPARCS,Bateman Comorbidities,Gestational hypertension,Yes,41188,6.44,82,199.09,1.77 (1.40-2.22),<.0001,14,33.99,1.90 (1.09-3.32),0.0236
2016-2018,Postpartum,SPARCS,Bateman Comorbidities,Human immunodeficiency virus,No,638741,99.8,755,118.2,ref,,120,18.79,ref,
2016-2018,Postpartum,SPARCS,Bateman Comorbidities,Human immunodeficiency virus,Yes,1282,0.2,3,234.01,1.98 (0.64-6.17),0.2368,1,78,4.16 (0.58-29.76),0.1561
2016-2018,Postpartum,SPARCS,Bateman Comorbidities,Mild preeclampsia or unspecified preeclampsia,No,635059,99.22,744,117.15,ref,,118,18.58,ref,
2016-2018,Postpartum,SPARCS,Bateman Comorbidities,Mild preeclampsia or unspecified preeclampsia,Yes,4964,0.78,14,282.03,2.41 (1.42-4.09),0.0011,3,60.44,3.26 (1.04-10.24),0.0435
2016-2018,Postpartum,SPARCS,Bateman Comorbidities,Multiple gestation,No,627420,98.03,727,115.87,ref,,115,18.33,ref,
2016-2018,Postpartum,SPARCS,Bateman Comorbidities,Multiple gestation,Yes,12603,1.97,31,245.97,2.13 (1.48-3.05),<.0001,6,47.61,2.60 (1.14-5.90),0.0226
2016-2018,Postpartum,SPARCS,Bateman Comorbidities,Obesity,No,549734,85.89,574,104.41,ref,,91,16.55,ref,
2016-2018,Postpartum,SPARCS,Bateman Comorbidities,Obesity,Yes,90289,14.11,184,203.79,1.95 (1.65-2.31),<.0001,30,33.23,2.01 (1.33-3.03),0.0009
2016-2018,Postpartum,SPARCS,Bateman Comorbidities,Placenta previa,No,628606,98.22,730,116.13,ref,,115,18.29,ref,
2016-2018,Postpartum,SPARCS,Bateman Comorbidities,Placenta previa,Yes,11417,1.78,28,245.25,2.12 (1.45-3.09),<.0001,6,52.55,2.87 (1.26-6.53),0.0117
2016-2018,Postpartum,SPARCS,Bateman Comorbidities,Preexisting diabetes mellitus,No,628047,98.13,715,113.84,ref,,114,18.15,ref,
2016-2018,Postpartum,SPARCS,Bateman Comorbidities,Preexisting diabetes mellitus,Yes,11976,1.87,43,359.05,3.16 (2.32-4.30),<.0001,7,58.45,3.22 (1.50-6.91),0.0027
2016-2018,Postpartum,SPARCS,Bateman Comorbidities,Preexisting hypertension,No,619153,96.74,699,112.9,ref,,113,18.25,ref,
2016-2018,Postpartum,SPARCS,Bateman Comorbidities,Preexisting hypertension,Yes,20870,3.26,59,282.7,2.51 (1.92-3.27),<.0001,8,38.33,2.10 (1.03-4.31),0.0421
2016-2018,Postpartum,SPARCS,Bateman Comorbidities,Previous cesarean delivery,No,524393,81.93,592,112.89,ref,,102,19.45,ref,
2016-2018,Postpartum,SPARCS,Bateman Comorbidities,Previous cesarean delivery,Yes,115630,18.07,166,143.56,1.27 (1.07-1.51),0.0061,19,16.43,0.84 (0.52-1.38),0.4997
2016-2018,Postpartum,SPARCS,Bateman Comorbidities,Pulmonary hypertension,No,639759,99.96,755,118.01,ref,,120,18.76,ref,
2016-2018,Postpartum,SPARCS,Bateman Comorbidities,Pulmonary hypertension,Yes,264,0.04,3,1136.36,9.74 (3.12-30.45),<.0001,1,378.79,20.27 (2.82-145.6),0.0028
2016-2018,Postpartum,SPARCS,Bateman Comorbidities,Severe preeclampsia/eclampsia,No,626108,97.83,721,115.16,ref,,115,18.37,ref,
2016-2018,Postpartum,SPARCS,Bateman Comorbidities,Severe preeclampsia/eclampsia,Yes,13915,2.17,37,265.9,2.31 (1.66-3.22),<.0001,6,43.12,2.35 (1.03-5.34),0.0415
2016-2018,Postpartum,SPARCS,Bateman Comorbidities,Sickle cell disease,No,629075,98.29,743,118.11,ref,,120,19.08,ref,
2016-2018,Postpartum,SPARCS,Bateman Comorbidities,Sickle cell disease,Yes,10948,1.71,15,137.01,1.16 (0.70-1.94),0.5688,1,9.13,0.48 (0.07-3.43),0.4634
2016-2018,Postpartum,SPARCS,Bateman Comorbidities,Systemic lupus erythematosus,No,638710,99.79,751,117.58,ref,,117,18.32,ref,
2016-2018,Postpartum,SPARCS,Bateman Comorbidities,Systemic lupus erythematosus,Yes,1313,0.21,7,533.13,4.56 (2.16-9.61),<.0001,4,304.65,16.68 (6.15-45.25),<.0001
2016-2018,Postpartum,SPARCS,Bateman Comorbidities,Tobacco use,No,608267,95.04,697,114.59,ref,,113,18.58,ref,
2016-2018,Postpartum,SPARCS,Bateman Comorbidities,Tobacco use,Yes,31756,4.96,61,192.09,1.68 (1.29-2.18),0.0001,8,25.19,1.36 (0.66-2.78),0.4033
2016-2018,Postpartum,SPARCS,Elixhauser Comorbidities,Blood loss anaemia,No,562221,87.84,631,112.23,ref,,101,17.96,ref,
2016-2018,Postpartum,SPARCS,Elixhauser Comorbidities,Blood loss anaemia,Yes,77802,12.16,127,163.23,1.46 (1.20-1.76),0.0001,20,25.71,1.43 (0.89-2.31),0.1431
2016-2018,Postpartum,SPARCS,Elixhauser Comorbidities,Cardiac arrhythmias,No,639808,99.97,758,118.47,ref,,121,18.91,ref,
2016-2018,Postpartum,SPARCS,Elixhauser Comorbidities,Cardiac arrhythmias,Yes,215,0.03,0,0,<0.001 (<0.001->999.99),0.9598,0,0,<0.001 (<0.001->999.99),0.9839
2016-2018,Postpartum,SPARCS,Elixhauser Comorbidities,Chronic pulmonary disease,No,595609,93.06,671,112.66,ref,,108,18.13,ref,
2016-2018,Postpartum,SPARCS,Elixhauser Comorbidities,Chronic pulmonary disease,Yes,44414,6.94,87,195.88,1.74 (1.39-2.18),<.0001,13,29.27,1.61 (0.91-2.87),0.1028
2016-2018,Postpartum,SPARCS,Elixhauser Comorbidities,Coagulopathy,No,616593,96.34,715,115.96,ref,,112,18.16,ref,
2016-2018,Postpartum,SPARCS,Elixhauser Comorbidities,Coagulopathy,Yes,23430,3.66,43,183.53,1.58 (1.16-2.16),0.0034,9,38.41,2.12 (1.07-4.17),0.0303
2016-2018,Postpartum,SPARCS,Elixhauser Comorbidities,Deficiency anaemia,No,590839,92.32,674,114.08,ref,,107,18.11,ref,
2016-2018,Postpartum,SPARCS,Elixhauser Comorbidities,Deficiency anaemia,Yes,49184,7.68,84,170.79,1.50 (1.19-1.88),0.0005,14,28.46,1.57 (0.90-2.74),0.1115
2016-2018,Postpartum,SPARCS,Elixhauser Comorbidities,Depression,No,617932,96.55,721,116.68,ref,,113,18.29,ref,
2016-2018,Postpartum,SPARCS,Elixhauser Comorbidities,Depression,Yes,22091,3.45,37,167.49,1.44 (1.03-2.00),0.0319,8,36.21,1.98 (0.97-4.06),0.0615
2016-2018,Postpartum,SPARCS,Elixhauser Comorbidities,Fluid and electrolyte disorders,No,628753,98.24,731,116.26,ref,,115,18.29,ref,
2016-2018,Postpartum,SPARCS,Elixhauser Comorbidities,Fluid and electrolyte disorders,Yes,11270,1.76,27,239.57,2.07 (1.41-3.03),0.0002,6,53.24,2.91 (1.28-6.62),0.0107
2016-2018,Postpartum,SPARCS,Elixhauser Comorbidities,Hypothyroidism,No,608261,95.04,714,117.38,ref,,118,19.4,ref,
2016-2018,Postpartum,SPARCS,Elixhauser Comorbidities,Hypothyroidism,Yes,31762,4.96,44,138.53,1.18 (0.87-1.60),0.2857,3,9.45,0.49 (0.15-1.53),0.2183
2016-2018,Postpartum,SPARCS,Elixhauser Comorbidities,Liver disease,No,635507,99.29,748,117.7,ref,,120,18.88,ref,
2016-2018,Postpartum,SPARCS,Elixhauser Comorbidities,Liver disease,Yes,4516,0.71,10,221.43,1.88 (1.01-3.52),0.0468,1,22.14,1.17 (0.16-8.40),0.8739
2016-2018,Postpartum,SPARCS,Elixhauser Comorbidities,Lymphoma,No,639845,99.97,758,118.47,ref,,121,18.91,ref,
2016-2018,Postpartum,SPARCS,Elixhauser Comorbidities,Lymphoma,Yes,178,0.03,0,0,<0.001 (<0.001->999.99),0.9634,0,0,<0.001 (<0.001->999.99),0.9786
2016-2018,Postpartum,SPARCS,Elixhauser Comorbidities,Metastatic cancer,No,639946,99.99,757,118.29,ref,,120,18.75,ref,
2016-2018,Postpartum,SPARCS,Elixhauser Comorbidities,Metastatic cancer,Yes,77,0.01,1,1298.7,11.15 (1.55-80.01),0.0165,1,1298.7,70.31 (9.72-508.6),<.0001
2016-2018,Postpartum,SPARCS,Elixhauser Comorbidities,Other neurological disorders,No,626275,97.85,734,117.2,ref,,118,18.84,ref,
2016-2018,Postpartum,SPARCS,Elixhauser Comorbidities,Other neurological disorders,Yes,13748,2.15,24,174.57,1.49 (0.99-2.24),0.0546,3,21.82,1.16 (0.37-3.64),0.8016
2016-2018,Postpartum,SPARCS,Elixhauser Comorbidities,Paralysis,No,639682,99.95,757,118.34,ref,,121,18.92,ref,
2016-2018,Postpartum,SPARCS,Elixhauser Comorbidities,Paralysis,Yes,341,0.05,1,293.26,2.48 (0.35-17.70),0.3642,0,0,<0.001 (<0.001->999.99),0.9797
2016-2018,Postpartum,SPARCS,Elixhauser Comorbidities,"Peptic ulcer disease, excluding bleeding",No,639782,99.96,758,118.48,ref,,121,18.91,ref,
2016-2018,Postpartum,SPARCS,Elixhauser Comorbidities,"Peptic ulcer disease, excluding bleeding",Yes,241,0.04,0,0,<0.001 (<0.001->999.99),0.9574,0,0,<0.001 (<0.001->999.99),0.9830
2016-2018,Postpartum,SPARCS,Elixhauser Comorbidities,Peripheral vascular disorders,No,639750,99.96,758,118.48,ref,,121,18.91,ref,
2016-2018,Postpartum,SPARCS,Elixhauser Comorbidities,Peripheral vascular disorders,Yes,273,0.04,0,0,<0.001 (<0.001->999.99),0.9547,0,0,<0.001 (<0.001->999.99),0.9819
2016-2018,Postpartum,SPARCS,Elixhauser Comorbidities,Psychoses,No,632618,98.84,743,117.45,ref,,119,18.81,ref,
2016-2018,Postpartum,SPARCS,Elixhauser Comorbidities,Psychoses,Yes,7405,1.16,15,202.57,1.73 (1.03-2.88),0.0365,2,27.01,1.44 (0.35-5.81),0.6119
2016-2018,Postpartum,SPARCS,Elixhauser Comorbidities,Pulmonary circulation disorders,No,639721,99.95,756,118.18,ref,,121,18.91,ref,
2016-2018,Postpartum,SPARCS,Elixhauser Comorbidities,Pulmonary circulation disorders,Yes,302,0.05,2,662.25,5.64 (1.40-22.68),0.0149,0,0,<0.001 (<0.001->999.99),0.9809
2016-2018,Postpartum,SPARCS,Elixhauser Comorbidities,Renal failure,No,639490,99.92,753,117.75,ref,,120,18.76,ref,
2016-2018,Postpartum,SPARCS,Elixhauser Comorbidities,Renal failure,Yes,533,0.08,5,938.09,8.03 (3.32-19.44),<.0001,1,187.62,10.04 (1.40-71.82),0.0215
2016-2018,Postpartum,SPARCS,Elixhauser Comorbidities,Rheumatoid arthritis/collagen vascular diseases,No,636997,99.53,747,117.27,ref,,117,18.37,ref,
2016-2018,Postpartum,SPARCS,Elixhauser Comorbidities,Rheumatoid arthritis/collagen vascular diseases,Yes,3026,0.47,11,363.52,3.11 (1.71-5.64),0.0002,4,132.19,7.21 (2.66-19.54),0.0001
2016-2018,Postpartum,SPARCS,Elixhauser Comorbidities,Solid tumour without metastasis,No,639335,99.89,756,118.25,ref,,120,18.77,ref,
2016-2018,Postpartum,SPARCS,Elixhauser Comorbidities,Solid tumour without metastasis,Yes,688,0.11,2,290.7,2.46 (0.61-9.88),0.2037,1,145.35,7.75 (1.08-55.57),0.0415
2016-2018,Postpartum,SPARCS,Elixhauser Comorbidities,Valvular disease,No,637661,99.63,748,117.3,ref,,119,18.66,ref,
2016-2018,Postpartum,SPARCS,Elixhauser Comorbidities,Valvular disease,Yes,2362,0.37,10,423.37,3.62 (1.94-6.77),<.0001,2,84.67,4.55 (1.12-18.38),0.0336
2016-2018,Postpartum,SPARCS,Elixhauser Comorbidities,Weight loss,No,639184,99.87,758,118.59,ref,,121,18.93,ref,
2016-2018,Postpartum,SPARCS,Elixhauser Comorbidities,Weight loss,Yes,839,0.13,0,0,<0.001 (<0.001->999.99),0.9465,0,0,<0.001 (<0.001->999.99),0.9786
2016-2018,Postpartum,Birth certificate,Other Comorbidities,Alcohol Use,No,612201,98.88,752,122.84,ref,,120,19.6,ref,
2016-2018,Postpartum,Birth certificate,Other Comorbidities,Alcohol Use,Yes,5455,0.88,5,91.66,0.75 (0.31-1.80),0.5138,1,18.33,0.94 (0.13-6.69),0.9468
2016-2018,Postpartum,Birth certificate,Other Comorbidities,Alcohol Use,Unknown,1486,0.24,0,0,<0.001 (<0.001->999.99),0.9517,0,0,<0.001 (<0.001->999.99),0.9807
2016-2018,Postpartum,SPARCS,Other Comorbidities,Group B Strep Carrier,No,512247,80.04,615,120.06,ref,,97,18.94,ref,
2016-2018,Postpartum,SPARCS,Other Comorbidities,Group B Strep Carrier,Yes,127776,19.96,143,111.91,0.93 (0.78-1.12),0.4490,24,18.78,0.99 (0.63-1.55),0.9716
2016-2018,Postpartum,SPARCS,Other Comorbidities,History of Sepsis (w/in 1yr prior to start of pregnancy),No,639436,99.91,756,118.23,ref,,120,18.77,ref,
2016-2018,Postpartum,SPARCS,Other Comorbidities,History of Sepsis (w/in 1yr prior to start of pregnancy),Yes,587,0.09,2,340.72,2.89 (0.72-11.60),0.1346,1,170.36,9.10 (1.27-65.18),0.0280
2016-2018,Postpartum,Birth certificate,Other Comorbidities,Illegal Drug Use,No,603418,97.46,720,119.32,ref,,113,18.73,ref,
2016-2018,Postpartum,Birth certificate,Other Comorbidities,Illegal Drug Use,Yes,14992,2.42,35,233.46,1.96 (1.40-2.75),0.0001,8,53.36,2.85 (1.39-5.84),0.0042
2016-2018,Postpartum,Birth certificate,Other Comorbidities,Illegal Drug Use,Unknown,732,0.12,2,273.22,2.30 (0.57-9.21),0.2393,0,0,<0.001 (<0.001->999.99),0.9798
2016-2018,Postpartum,SPARCS,Other Comorbidities,Organ Transplant,No,639858,99.97,756,118.15,ref,,120,18.75,ref,
2016-2018,Postpartum,SPARCS,Other Comorbidities,Organ Transplant,Yes,165,0.03,2,1212.12,10.41 (2.58-41.95),0.0010,1,606.06,32.51 (4.52-234.1),0.0005
2016-2018,Postpartum,SPARCS,Other Comorbidities,Other Immunosupression,No,639334,99.89,756,118.25,ref,,121,18.93,ref,
2016-2018,Postpartum,SPARCS,Other Comorbidities,Other Immunosupression,Yes,689,0.11,2,290.28,2.46 (0.61-9.87),0.2044,0,0,<0.001 (<0.001->999.99),0.9806
2016-2018,Postpartum,Birth certificate,Other Comorbidities,Tobacco Use,No,576262,93.07,686,119.04,ref,,109,18.92,ref,
2016-2018,Postpartum,Birth certificate,Other Comorbidities,Tobacco Use,Yes,42128,6.8,70,166.16,1.40 (1.09-1.79),0.0078,12,28.48,1.51 (0.83-2.73),0.1782
2016-2018,Postpartum,Birth certificate,Other Comorbidities,Tobacco Use,Unknown,752,0.12,1,132.98,1.12 (0.16-7.95),0.9119,0,0,<0.001 (<0.001->999.99),0.9795
2016-2018,Postpartum,SPARCS,Demographics,Age Group,<20,35999,5.62,64,177.78,1.58 (1.22-2.05),0.0005,14,38.89,2.34 (1.33-4.13),0.0032
2016-2018,Postpartum,SPARCS,Demographics,Age Group,20-35,488179,76.28,548,112.25,ref,,81,16.59,ref,
2016-2018,Postpartum,SPARCS,Demographics,Age Group,>35,115845,18.1,146,126.03,1.12 (0.94-1.35),0.2136,26,22.44,1.35 (0.87-2.10),0.1802
2016-2018,Postpartum,Birth certificate,Demographics,Education,Less than high school,93199,14.56,145,155.58,1.78 (1.44-2.20),<.0001,24,25.75,1.88 (1.10-3.18),0.0199
2016-2018,Postpartum,Birth certificate,Demographics,Education,High school graduate or GED,141421,22.1,213,150.61,1.72 (1.42-2.09),<.0001,30,21.21,1.54 (0.94-2.54),0.0871
2016-2018,Postpartum,Birth certificate,Demographics,Education,Some College,99452,15.54,130,130.72,1.49 (1.20-1.86),0.0004,22,22.12,1.61 (0.94-2.77),0.0852
2016-2018,Postpartum,Birth certificate,Demographics,Education,AA Degree,49715,7.77,62,124.71,1.43 (1.07-1.89),0.0147,12,24.14,1.76 (0.91-3.41),0.0957
2016-2018,Postpartum,Birth certificate,Demographics,Education,BA degree or higher,233015,36.41,204,87.55,ref,,32,13.73,ref,
2016-2018,Postpartum,Birth certificate,Demographics,Education,Unknown,2340,0.37,3,128.21,1.46 (0.47-4.58),0.5117,1,42.74,3.12 (0.43-22.79),0.2620
2016-2018,Postpartum,SPARCS & Birth certificate,Demographics,Race/Ethnicity,"White, Non-Hispanic",312583,48.84,284,90.86,ref,,34,10.88,ref,
2016-2018,Postpartum,SPARCS & Birth certificate,Demographics,Race/Ethnicity,"Black, Non-Hispanic",96078,15.01,124,129.06,1.42 (1.15-1.76),0.0011,20,20.82,1.91 (1.10-3.33),0.0213
2016-2018,Postpartum,SPARCS & Birth certificate,Demographics,Race/Ethnicity,Hispanic,142099,22.2,237,166.79,1.84 (1.55-2.18),<.0001,43,30.26,2.78 (1.77-4.36),<.0001
2016-2018,Postpartum,SPARCS & Birth certificate,Demographics,Race/Ethnicity,"Native American/Alaska Native, Non-Hispanic",1733,0.27,1,57.7,0.64 (0.09-4.53),0.6504,0,0,<0.001 (<0.001->999.99),0.9805
2016-2018,Postpartum,SPARCS & Birth certificate,Demographics,Race/Ethnicity,"Asian/Pacific Islander, Non-Hispanic",76157,11.9,102,133.93,1.47 (1.18-1.85),0.0008,22,28.89,2.66 (1.55-4.54),0.0004
2016-2018,Postpartum,SPARCS & Birth certificate,Demographics,Race/Ethnicity,"Other, Non-Hispanic",7870,1.23,7,88.95,0.98 (0.46-2.07),0.9557,1,12.71,1.17 (0.16-8.53),0.8782
2016-2018,Postpartum,SPARCS & Birth certificate,Demographics,Race/Ethnicity,"Multi-Racial, Non-Hispanic",3503,0.55,3,85.64,0.94 (0.30-2.94),0.9188,1,28.55,2.62 (0.36-19.18),0.3416
2016-2018,Postpartum,SPARCS,Demographics,Region of Residence,Central,28689,4.48,37,128.97,1.18 (0.84-1.66),0.3347,8,27.89,1.64 (0.78-3.45),0.1927
2016-2018,Postpartum,SPARCS,Demographics,Region of Residence,Finger Lakes,26976,4.21,38,140.87,1.29 (0.92-1.81),0.1356,5,18.53,1.09 (0.44-2.73),0.8547
2016-2018,Postpartum,SPARCS,Demographics,Region of Residence,Long Island,89369,13.96,112,125.32,1.15 (0.93-1.42),0.2043,16,17.9,1.05 (0.60-1.84),0.8582
2016-2018,Postpartum,SPARCS,Demographics,Region of Residence,Mid-Hudson,25890,4.05,38,146.77,1.35 (0.96-1.88),0.0831,5,19.31,1.14 (0.45-2.84),0.7864
2016-2018,Postpartum,SPARCS,Demographics,Region of Residence,New York City,311517,48.67,340,109.14,ref,,53,17.01,ref,
2016-2018,Postpartum,SPARCS,Demographics,Region of Residence,Northeast,29916,4.67,25,83.57,0.77 (0.51-1.15),0.1973,5,16.71,0.98 (0.39-2.46),0.9697
2016-2018,Postpartum,SPARCS,Demographics,Region of Residence,Northern Metro,40880,6.39,57,139.43,1.28 (0.97-1.69),0.0869,5,12.23,0.72 (0.29-1.80),0.4805
2016-2018,Postpartum,SPARCS,Demographics,Region of Residence,Utica-Adirondack,25309,3.95,34,134.34,1.23 (0.87-1.75),0.2479,5,19.76,1.16 (0.46-2.91),0.7494
2016-2018,Postpartum,SPARCS,Demographics,Region of Residence,Western,60572,9.46,74,122.17,1.12 (0.87-1.44),0.3792,17,28.07,1.65 (0.96-2.85),0.0725
2016-2018,Postpartum,SPARCS,Demographics,Region of Residence,No NYS County,905,0.14,3,331.49,3.04 (0.98-9.50),0.0552,2,220.99,13.02 (3.17-53.50),0.0004
2016-2018,Postpartum,SPARCS,Obstetric,Acute renal failure,No,639515,99.92,749,117.12,ref,,116,18.14,ref,
2016-2018,Postpartum,SPARCS,Obstetric,Acute renal failure,Yes,508,0.08,9,1771.65,15.38 (7.93-29.85),<.0001,5,984.25,54.79 (22.29-134.7),<.0001
2016-2018,Postpartum,Birth certificate,Obstetric,3rd or 4th degree tears,No,608317,98.25,745,122.47,ref,,119,19.56,ref,
2016-2018,Postpartum,Birth certificate,Obstetric,3rd or 4th degree tears,Yes,10825,1.75,12,110.85,0.91 (0.51-1.60),0.7319,2,18.48,0.95 (0.23-3.82),0.9378
2016-2018,Postpartum,SPARCS & Birth certificate,Obstetric,ART,No,608603,98.3,742,121.92,ref,,117,19.22,ref,
2016-2018,Postpartum,SPARCS & Birth certificate,Obstetric,ART,Yes,10539,1.7,15,142.33,1.17 (0.70-1.95),0.5524,4,37.95,1.98 (0.73-5.35),0.1804
2016-2018,Postpartum,SPARCS,Obstetric,Abnormal placentation,No,639043,99.85,748,117.05,ref,,119,18.62,ref,
2016-2018,Postpartum,SPARCS,Obstetric,Abnormal placentation,Yes,980,0.15,10,1020.41,8.80 (4.70-16.47),<.0001,2,204.08,10.98 (2.71-44.48),0.0008
2016-2018,Postpartum,SPARCS,Obstetric,Acute myocardial infarction,No,640005,100,757,118.28,ref,,120,18.75,ref,
2016-2018,Postpartum,SPARCS,Obstetric,Acute myocardial infarction,Yes,18,0,1,5555.56,49.76 (6.63-373.8),0.0001,1,5555.56,314.3 (41.56->999.99),<.0001
2016-2018,Postpartum,SPARCS,Obstetric,Adult respiratory distress syndrome,No,639670,99.94,752,117.56,ref,,119,18.6,ref,
2016-2018,Postpartum,SPARCS,Obstetric,Adult respiratory distress syndrome,Yes,353,0.06,6,1699.72,14.69 (6.53-33.03),<.0001,2,566.57,30.62 (7.54-124.4),<.0001
2016-2018,Postpartum,SPARCS,Obstetric,Air and thrombotic embolism,No,639891,99.98,757,118.3,ref,,121,18.91,ref,
2016-2018,Postpartum,SPARCS,Obstetric,Air and thrombotic embolism,Yes,132,0.02,1,757.58,6.45 (0.90-46.16),0.0636,0,0,<0.001 (<0.001->999.99),0.9815
2016-2018,Postpartum,SPARCS,Obstetric,Amniotic fluid embolism,No,640001,100,758,118.44,ref,,121,18.91,ref,
2016-2018,Postpartum,SPARCS,Obstetric,Amniotic fluid embolism,Yes,22,0,0,0,<0.001 (<0.001->999.99),0.9728,0,0,0.00 (<0.001->999.99),0.9846
2016-2018,Postpartum,SPARCS,Obstetric,Aneurysm,No,640022,100,758,118.43,ref,,121,18.91,ref,
2016-2018,Postpartum,SPARCS,Obstetric,Aneurysm,Yes,1,0,0,0,0.02 (<0.001->999.99),0.9851,0,0,0.05 (<0.001->999.99),0.9927
2016-2018,Postpartum,SPARCS,Obstetric,Blood products transfusion,No,627984,98.12,699,111.31,ref,,110,17.52,ref,
2016-2018,Postpartum,SPARCS,Obstetric,Blood products transfusion,Yes,12039,1.88,59,490.07,4.42 (3.39-5.77),<.0001,11,91.37,5.22 (2.81-9.70),<.0001
2016-2018,Postpartum,SPARCS,Obstetric,Cardiac arrest/ventricular fibrillation,No,639984,99.99,758,118.44,ref,,121,18.91,ref,
2016-2018,Postpartum,SPARCS,Obstetric,Cardiac arrest/ventricular fibrillation,Yes,39,0.01,0,0,<0.001 (<0.001->999.99),0.9638,0,0,<0.001 (<0.001->999.99),0.9855
2016-2018,Postpartum,SPARCS & Birth certificate,Obstetric,Cerclage (rescue>prophylactic),No,616405,99.56,752,122,ref,,121,19.63,ref,
2016-2018,Postpartum,SPARCS & Birth certificate,Obstetric,Cerclage (rescue>prophylactic),Yes,2737,0.44,5,182.68,1.50 (0.62-3.61),0.3679,0,0,<0.001 (<0.001->999.99),0.9738
2016-2018,Postpartum,SPARCS & Birth certificate,Obstetric,Cesarean Delivery,No,409636,66.16,348,84.95,ref,,69,16.84,ref,
2016-2018,Postpartum,SPARCS & Birth certificate,Obstetric,Cesarean Delivery,Yes,209421,33.82,409,195.3,2.30 (1.99-2.66),<.0001,52,24.83,1.47 (1.03-2.11),0.0346
2016-2018,Postpartum,SPARCS & Birth certificate,Obstetric,Cesarean Delivery,Unknown,85,0.01,0,0,<0.001 (<0.001->999.99),0.9640,0,0,<0.001 (<0.001->999.99),0.9852
2016-2018,Postpartum,SPARCS,Obstetric,Conversion of cardiac rhythm,No,639960,99.99,757,118.29,ref,,120,18.75,ref,
2016-2018,Postpartum,SPARCS,Obstetric,Conversion of cardiac rhythm,Yes,63,0.01,1,1587.3,13.62 (1.89-98.34),0.0096,1,1587.3,86.00 (11.83-625.2),<.0001
2016-2018,Postpartum,SPARCS,Obstetric,Disseminated intravascular coagulation,No,638927,99.83,754,118.01,ref,,119,18.62,ref,
2016-2018,Postpartum,SPARCS,Obstetric,Disseminated intravascular coagulation,Yes,1096,0.17,4,364.96,3.10 (1.16-8.30),0.0242,2,182.48,9.83 (2.43-39.77),0.0013
2016-2018,Postpartum,SPARCS,Obstetric,Eclampsia,No,639856,99.97,758,118.46,ref,,121,18.91,ref,
2016-2018,Postpartum,SPARCS,Obstetric,Eclampsia,Yes,167,0.03,0,0,<0.001 (<0.001->999.99),0.9645,0,0,<0.001 (<0.001->999.99),0.9792
2016-2018,Postpartum,SPARCS & Birth certificate,Obstetric,Episiotomy,No,566022,91.42,706,124.73,ref,,113,19.96,ref,
2016-2018,Postpartum,SPARCS & Birth certificate,Obstetric,Episiotomy,Yes,53120,8.58,51,96.01,0.77 (0.58-1.02),0.0713,8,15.06,0.75 (0.37-1.55),0.4417
2016-2018,Postpartum,SPARCS,Obstetric,Heart failure/arrest during surgery or procedure,No,640012,100,758,118.44,ref,,121,18.91,ref,
2016-2018,Postpartum,SPARCS,Obstetric,Heart failure/arrest during surgery or procedure,Yes,11,0,0,0,0.00 (<0.001->999.99),0.9728,0,0,0.00 (<0.001->999.99),0.9891
2016-2018,Postpartum,SPARCS,Obstetric,Hysterectomy,No,639324,99.89,745,116.53,ref,,120,18.77,ref,
2016-2018,Postpartum,SPARCS,Obstetric,Hysterectomy,Yes,699,0.11,13,1859.8,16.24 (9.34-28.25),<.0001,1,143.06,7.63 (1.06-54.70),0.0431
2016-2018,Postpartum,Birth certificate,Obstetric,Induction of Labor,No,375222,60.6,432,115.13,ref,,62,16.52,ref,
2016-2018,Postpartum,Birth certificate,Obstetric,Induction of Labor,Yes,243920,39.4,325,133.24,1.16 (1.00-1.34),0.0465,59,24.19,1.46 (1.03-2.09),0.0360
2016-2018,Postpartum,SPARCS & Birth certificate,Obstetric,Multiple Gestation,No,608139,98.22,728,119.71,ref,,116,19.07,ref,
2016-2018,Postpartum,SPARCS & Birth certificate,Obstetric,Multiple Gestation,Yes,11002,1.78,29,263.59,2.21 (1.52-3.20),<.0001,5,45.45,2.38 (0.97-5.83),0.0573
2016-2018,Postpartum,SPARCS & Birth certificate,Obstetric,Multiple Gestation,Unknown,1,0,0,0,0.02 (<0.001->999.99),0.9850,0,0,0.02 (<0.001->999.99),0.9940
2016-2018,Postpartum,Birth certificate,Obstetric,Nulliparity,No,428646,69.23,488,113.85,ref,,81,18.9,ref,
2016-2018,Postpartum,Birth certificate,Obstetric,Nulliparity,Yes,188819,30.5,268,141.93,1.25 (1.07-1.45),0.0037,40,21.18,1.12 (0.77-1.64),0.5543
2016-2018,Postpartum,Birth certificate,Obstetric,Nulliparity,Unknown,1677,0.27,1,59.63,0.52 (0.07-3.73),0.5181,0,0,<0.001 (<0.001->999.99),0.9795
2016-2018,Postpartum,SPARCS,Obstetric,Obstetric Trauma,No,609150,95.18,718,117.87,ref,,117,19.21,ref,
2016-2018,Postpartum,SPARCS,Obstetric,Obstetric Trauma,Yes,30873,4.82,40,129.56,1.10 (0.80-1.51),0.5601,4,12.96,0.67 (0.25-1.83),0.4387
2016-2018,Postpartum,SPARCS & Birth certificate,Obstetric,Operative Vaginal Delivery,No,598312,96.64,725,121.17,ref,,112,18.72,ref,
2016-2018,Postpartum,SPARCS & Birth certificate,Obstetric,Operative Vaginal Delivery,Yes,19910,3.22,32,160.72,1.33 (0.93-1.89),0.1177,9,45.2,2.42 (1.22-4.76),0.0109
2016-2018,Postpartum,SPARCS & Birth certificate,Obstetric,Operative Vaginal Delivery,Unknown,920,0.15,0,0,<0.001 (<0.001->999.99),0.9431,0,0,<0.001 (<0.001->999.99),0.9773
2016-2018,Postpartum,SPARCS,Obstetric,Postpartum hemorrhage,No,614386,95.99,698,113.61,ref,,112,18.23,ref,
2016-2018,Postpartum,SPARCS,Obstetric,Postpartum hemorrhage,Yes,25637,4.01,60,234.04,2.06 (1.59-2.69),<.0001,9,35.11,1.93 (0.98-3.80),0.0584
2016-2018,Postpartum,SPARCS,Obstetric,Premature rupture of membranes,No,568177,88.77,642,112.99,ref,,108,19.01,ref,
2016-2018,Postpartum,SPARCS,Obstetric,Premature rupture of membranes,Yes,71846,11.23,116,161.46,1.43 (1.17-1.74),0.0004,13,18.09,0.95 (0.54-1.69),0.8667
2016-2018,Postpartum,SPARCS,Obstetric,Preterm Delivery,No,612193,95.65,711,116.14,ref,,116,18.95,ref,
2016-2018,Postpartum,SPARCS,Obstetric,Preterm Delivery,Yes,27830,4.35,47,168.88,1.45 (1.08-1.95),0.0129,5,17.97,0.95 (0.39-2.32),0.9094
2016-2018,Postpartum,SPARCS,Obstetric,Prolonged labor,No,638292,99.73,753,117.97,ref,,120,18.8,ref,
2016-2018,Postpartum,SPARCS,Obstetric,Prolonged labor,Yes,1731,0.27,5,288.85,2.45 (1.02-5.92),0.0459,1,57.77,3.07 (0.43-22.01),0.2634
2016-2018,Postpartum,SPARCS,Obstetric,Puerperal cerebrovascular disorders,No,639980,99.99,757,118.28,ref,,121,18.91,ref,
2016-2018,Postpartum,SPARCS,Obstetric,Puerperal cerebrovascular disorders,Yes,43,0.01,1,2325.58,20.11 (2.76-146.3),0.0030,0,0,<0.001 (<0.001->999.99),0.9848
2016-2018,Postpartum,SPARCS,Obstetric,Pulmonary edema / Acute heart failure,No,639833,99.97,754,117.84,ref,,120,18.75,ref,
2016-2018,Postpartum,SPARCS,Obstetric,Pulmonary edema / Acute heart failure,Yes,190,0.03,4,2105.26,18.24 (6.76-49.22),<.0001,1,526.32,28.21 (3.92-202.9),0.0009
2016-2018,Postpartum,SPARCS,Obstetric,Retained Products of Conception,No,639065,99.85,758,118.61,ref,,121,18.93,ref,
2016-2018,Postpartum,SPARCS,Obstetric,Retained Products of Conception,Yes,958,0.15,0,0,<0.001 (<0.001->999.99),0.9428,0,0,<0.001 (<0.001->999.99),0.9771
2016-2018,Postpartum,Birth certificate,Obstetric,Trimester Beginning Prenatal Care,1st,462321,72.24,551,119.18,ref,,85,18.39,ref,
2016-2018,Postpartum,Birth certificate,Obstetric,Trimester Beginning Prenatal Care,2nd,106210,16.59,141,132.76,1.11 (0.93-1.34),0.2528,28,26.36,1.43 (0.94-2.20),0.0981
2016-2018,Postpartum,Birth certificate,Obstetric,Trimester Beginning Prenatal Care,3rd,29882,4.67,29,97.05,0.81 (0.56-1.18),0.2806,5,16.73,0.91 (0.37-2.24),0.8378
2016-2018,Postpartum,Birth certificate,Obstetric,Trimester Beginning Prenatal Care,Unknown,20729,3.24,36,173.67,1.46 (1.04-2.04),0.0285,3,14.47,0.79 (0.25-2.49),0.6837
2016-2018,Postpartum,SPARCS,Obstetric,Severe anesthesia complications,No,639986,99.99,758,118.44,ref,,121,18.91,ref,
2016-2018,Postpartum,SPARCS,Obstetric,Severe anesthesia complications,Yes,37,0.01,0,0,<0.001 (<0.001->999.99),0.9647,0,0,<0.001 (<0.001->999.99),0.9859
2016-2018,Postpartum,SPARCS,Obstetric,Shock,No,639632,99.94,752,117.57,ref,,118,18.45,ref,
2016-2018,Postpartum,SPARCS,Obstetric,Shock,Yes,391,0.06,6,1534.53,13.24 (5.89-29.75),<.0001,3,767.26,41.91 (13.27-132.4),<.0001
2016-2018,Postpartum,SPARCS,Obstetric,Sickle cell disease with crisis,No,640008,100,758,118.44,ref,,121,18.91,ref,
2016-2018,Postpartum,SPARCS,Obstetric,Sickle cell disease with crisis,Yes,15,0,0,0,0.00 (<0.001->999.99),0.9682,0,0,0.00 (<0.001->999.99),0.9873
2016-2018,Postpartum,SPARCS,Obstetric,Stillbirth,No,639508,99.92,757,118.37,ref,,121,18.92,ref,
2016-2018,Postpartum,SPARCS,Obstetric,Stillbirth,Yes,515,0.08,1,194.17,1.64 (0.23-11.69),0.6206,0,0,<0.001 (<0.001->999.99),0.9832
2016-2018,Postpartum,SPARCS,Obstetric,Temporary tracheostomy,No,639667,99.94,748,116.94,ref,,114,17.82,ref,
2016-2018,Postpartum,SPARCS,Obstetric,Temporary tracheostomy,Yes,356,0.06,10,2808.99,24.69 (13.11-46.49),<.0001,7,1966.29,112.5 (52.08-243.1),<.0001
2016-2018,Postpartum,Birth certificate,Obstetric,Uterine rupture,No,618947,99.97,756,122.14,ref,,121,19.55,ref,
2016-2018,Postpartum,Birth certificate,Obstetric,Uterine rupture,Yes,195,0.03,1,512.82,4.22 (0.59-30.11),0.1513,0,0,<0.001 (<0.001->999.99),0.9844
2016-2018,Postpartum,SPARCS,Obstetric,Ventilation,No,639668,99.94,748,116.94,ref,,114,17.82,ref,
2016-2018,Postpartum,SPARCS,Obstetric,Ventilation,Yes,355,0.06,10,2816.9,24.76 (13.15-46.62),<.0001,7,1971.83,112.9 (52.23-243.8),<.0001
